-- phpMyAdmin SQL Dump
-- version 5.2.1
-- https://www.phpmyadmin.net/
--
-- 主机： mysql:3306
-- 生成日期： 2024-01-02 02:37:43
-- 服务器版本： 8.0.28
-- PHP 版本： 8.1.17

SET SQL_MODE = "NO_AUTO_VALUE_ON_ZERO";
START TRANSACTION;
SET time_zone = "+00:00";


/*!40101 SET @OLD_CHARACTER_SET_CLIENT=@@CHARACTER_SET_CLIENT */;
/*!40101 SET @OLD_CHARACTER_SET_RESULTS=@@CHARACTER_SET_RESULTS */;
/*!40101 SET @OLD_COLLATION_CONNECTION=@@COLLATION_CONNECTION */;
/*!40101 SET NAMES utf8mb4 */;

--
-- 数据库： `music_bak`
--

-- --------------------------------------------------------

--
-- 表的结构 `album`
--

CREATE TABLE `album` (
  `id` int NOT NULL,
  `name` varchar(50) NOT NULL,
  `singer` varchar(30) NOT NULL,
  `singer_id` tinyint NOT NULL,
  `cover` varchar(100) NOT NULL,
  `pubdate` int NOT NULL
) ENGINE=MyISAM DEFAULT CHARSET=utf8mb4 COLLATE=utf8mb4_0900_ai_ci;

--
-- 转存表中的数据 `album`
--

INSERT INTO `album` (`id`, `name`, `singer`, `singer_id`, `cover`, `pubdate`) VALUES
(1, '被禁忌的游戏', '李志', 1, 'http://127.0.0.1/images/album/1.jpg', 1101830400),
(2, '梵高先生', '李志', 1, 'http://127.0.0.1/images/album/2.jpg', 1105372800),
(3, '这个世界会好吗', '李志', 1, 'http://127.0.0.1/images/album/3.jpg', 1162310400),
(4, '我爱南京', '李志', 1, 'http://127.0.0.1/images/album/4.jpg', 1255622400),
(5, '你好，郑州', '李志', 1, 'http://127.0.0.1/images/album/5.jpg', 1283270400),
(6, 'F', '李志', 1, 'http://127.0.0.1/images/album/6.jpg', 1400688000),
(7, '1701', '李志', 1, 'http://127.0.0.1/images/album/7.jpg', 1415808000),
(8, '8', '李志', 1, 'http://127.0.0.1/images/album/8.jpg', 1476720000),
(9, '在每一条伤心的应天大街上', '李志', 1, 'http://127.0.0.1/images/album/9.jpg', 1479571200);

-- --------------------------------------------------------

--
-- 表的结构 `playlist`
--

CREATE TABLE `playlist` (
  `id` int NOT NULL,
  `user_id` int NOT NULL,
  `name` varchar(30) NOT NULL,
  `create_time` int NOT NULL
) ENGINE=MyISAM DEFAULT CHARSET=utf8mb4 COLLATE=utf8mb4_0900_ai_ci;

--
-- 转存表中的数据 `playlist`
--

INSERT INTO `playlist` (`id`, `user_id`, `name`, `create_time`) VALUES
(1, 1, '我只是一个好人', 1619020181),
(2, 2, '我喜欢的音乐', 1619054722),
(3, 3, '2019年之前', 1651195460);

-- --------------------------------------------------------

--
-- 表的结构 `playlist_song`
--

CREATE TABLE `playlist_song` (
  `id` int NOT NULL,
  `user_id` int NOT NULL,
  `song_id` int NOT NULL,
  `playlist_id` int NOT NULL,
  `create_time` int NOT NULL
) ENGINE=MyISAM DEFAULT CHARSET=utf8mb4 COLLATE=utf8mb4_0900_ai_ci;

--
-- 转存表中的数据 `playlist_song`
--

INSERT INTO `playlist_song` (`id`, `user_id`, `song_id`, `playlist_id`, `create_time`) VALUES
(1, 1, 4, 1, 1619020187),
(2, 1, 5, 1, 1619020193),
(3, 1, 7, 1, 1619020198),
(4, 2, 47, 2, 1619054746),
(5, 2, 48, 2, 1619054754),
(7, 2, 69, 2, 1619054780),
(8, 2, 21, 2, 1619054813),
(9, 2, 10, 2, 1619054837),
(10, 2, 41, 2, 1631346515),
(11, 3, 23, 3, 1651195466),
(12, 3, 27, 3, 1651195472),
(13, 3, 33, 3, 1651195478),
(14, 3, 42, 3, 1651195486),
(15, 3, 41, 3, 1651195489),
(16, 3, 47, 3, 1651195500),
(17, 3, 10, 3, 1651195558),
(18, 3, 16, 3, 1651195566),
(19, 3, 21, 3, 1651195578),
(20, 3, 69, 3, 1651195625),
(21, 3, 45, 3, 1651298595),
(22, 3, 59, 3, 1651298711);

-- --------------------------------------------------------

--
-- 表的结构 `song`
--

CREATE TABLE `song` (
  `id` int NOT NULL,
  `name` varchar(50) NOT NULL,
  `album_id` int NOT NULL,
  `source` varchar(100) CHARACTER SET utf8mb4 COLLATE utf8mb4_0900_ai_ci NOT NULL,
  `lyric` text NOT NULL,
  `duration` smallint NOT NULL
) ENGINE=MyISAM DEFAULT CHARSET=utf8mb4 COLLATE=utf8mb4_0900_ai_ci;

--
-- 转存表中的数据 `song`
--

INSERT INTO `song` (`id`, `name`, `album_id`, `source`, `lyric`, `duration`) VALUES
(1, '黑色信封', 1, 'http://127.0.0.1/mp3/lizhi/200412/1.mp3', '[00:04.500]一天晚上我的一个朋友悄悄的来看我\r\n[00:48.270]他的眼睛像外面的月亮是忧郁的\r\n[00:57.230]他抓起我桌上的那个苹果轻轻的咬了一口\r\n[01:06.260]从上衣的口袋里掏出一个信封对我说\r\n[01:14.730]他说这世界是不是我们的\r\n[01:19.240]我应该穿什么吃什么\r\n[01:23.490]如果没有人看着我\r\n[01:27.620]那该多快乐\r\n[01:31.870]他说这世界不该是我们的\r\n[01:37.300]爸爸妈妈也不该有的\r\n[01:41.890]我可是个男人为什么打不起精神\r\n[01:49.860]一些天像过去那样平淡的过去了\r\n[02:39.260]在同样的一个夜晚那个朋友打来电话\r\n[02:48.140]他说他在一个陌生的地方一个人唱着歌\r\n[02:57.260]我看着他留下的那个信封想起他说的话\r\n[03:06.040]他说这世界是不是我们的\r\n[03:10.770]我应该穿什么吃什么\r\n[03:15.160]如果没有人看着我\r\n[03:19.050]那该多快乐\r\n[03:23.630]他说这世界不该是我们的\r\n[03:28.720]爸爸妈妈也不该有的\r\n[03:33.230]我可是个男人为什么打不起精神', 287),
(2, '青春', 1, 'http://127.0.0.1/mp3/lizhi/200412/2.mp3', '', 192),
(3, '阿兰', 1, 'http://127.0.0.1/mp3/lizhi/200412/3.mp3', '[01:44.078]阿兰你在哪啊\r\n[01:47.709]你是否找到了他\r\n[01:51.039]阿兰你现在的生活是否和我一样\r\n[01:58.349]阿兰你还记得吗 我那时的模样\r\n[02:05.629]阿兰你长大了是否还有人爱啊\r\n[02:13.560]阿兰我们的生活像条颠簸飘离的船\r\n[02:19.610]阿兰我们的生活像条颠簸飘离的船', 166),
(4, '离婚', 1, 'http://127.0.0.1/mp3/lizhi/200412/4.mp3', '[00:06.53]布谷鸟在城市的上空孤独的叫着就像我的歌\r\n[00:44.85]妈妈说她明天要结婚了她的新郎是隔壁的王老五\r\n[01:07.79]他啊 有没有去过秦淮医院上三楼检查他委琐的**\r\n[01:26.71]他啊 知不知道什么是痛苦欢乐甚至****老树盘根\r\n[01:48.05]一千年他不算是太长一天也不算是太短\r\n[02:50.32]我知道你满脸的忧郁是为了什么\r\n[03:03.58]因为我也不和你一样**过长\r\n[03:16.68]妈 那永恒的温暖在哪里你没有说\r\n[03:32.38]妈 那短暂的快感在哪里你没有说\r\n[03:49.34]妈 那永恒的快感在哪里你没有说\r\n[04:09.13]妈 那短暂的幸福在哪里你没有说\r\n[04:24.53]为什么是这样我也不去想\r\n[04:35.30]因为基本上我和你一样是个混球', 296),
(5, '欢愉', 1, 'http://127.0.0.1/mp3/lizhi/200412/5.mp3', '[00:53.680]谁能那么傻吗那么来呀\r\n[00:57.020]起床我为什么another world\r\n[01:02.860]today ya ma ly way with now\r\n[01:09.090]you far or see the never shoot.\r\n[01:14.130]many see way far or see the wall,\r\n[01:21.150]show me the light\r\n[01:23.090]just set the rular\r\n[01:27.900]show me sent the world one the night,\r\n[01:34.900]finaly tell me night-----yeah\r\n[02:03.120]你看着背弯我试着放下（衣裳）\r\n[02:12.590]你趁我以沉默着太渴了\r\n[02:18.170]哎呀我的小妹你什么能放得下\r\n[02:25.380]我请你也不要带着这伞------射\r\n[02:31.360]啊勒看望夏天那么明显 她没搂着我沉默沉默着\r\n[02:43.670]为什么那么久see the night\r\n[02:51.490]那么撸那么累-----------------射-', 208),
(6, '卡夫卡', 1, 'http://127.0.0.1/mp3/lizhi/200412/6.mp3', '[00:00.59]我是否该写一首悲伤的歌\r\n[00:08.07]在你睡不着的时候唱给你听\r\n[00:15.59]我是否该写一首哀怨的歌\r\n[00:26.56]在你沉默的时候唱给你听\r\n[00:35.24]我时常在空旷的街上\r\n[00:45.36]吹着风想起你\r\n[00:53.84]我时常在这样的夜里\r\n[01:04.16]听着风想忘了你\r\n[01:13.04]啦啦啦...\r\n[01:32.57]我到底该用那一张怎样的脸\r\n[01:42.40]在你睡着的时候看着你\r\n[01:49.94]我到底该用那一张怎样的脸\r\n[02:01.19]在你温柔的时候看着你\r\n[02:08.96]我时常在空旷的街上\r\n[02:19.90]吹着风想起你\r\n[02:29.31]我时常在这样的夜里\r\n[02:38.78]听着风想忘了你', 177),
(7, '被禁忌的游戏', 1, 'http://127.0.0.1/mp3/lizhi/200412/7.mp3', '[00:50.740]沉默的你 阳光萧瑟的树林\r\n[01:02.300]那些你爱的人 温柔的那么柔软\r\n[01:12.340]无知的我 是落叶落魄又落魄\r\n[01:22.540]曾经幻灭的岁月 穿插沉默的现在\r\n[01:33.380]呼啸而过的青春 沉默不语的你\r\n[01:44.880]即使给我个灿烂明天 让我忏悔的你\r\n[01:54.760]这被禁忌的游戏 早已忘记的岁月\r\n[02:05.640]这被禁忌的游戏 一如既往的岁月\r\n[03:00.140]随风飘荡的我们 黑夜里寻找一点点欢愉\r\n[03:10.960]再次面对这春色 失落的不知所以\r\n[03:22.380]暗自叹息又暗自伤心 游戏已如此陌生\r\n[03:32.600]看往川流的人群 穿越沉默的现在\r\n[03:43.380]呼啸而过的青春 沉默不语的你\r\n[03:54.140]即使给我个灿烂明天 让我忏悔的你\r\n[04:04.900]这被禁忌的游戏 早已忘记了岁月\r\n[04:16.520]这被禁忌的游戏 一如既往的岁月\r\n[04:37.060]这被禁忌的游戏 早已忘记了岁月\r\n[04:38.240]这被禁忌的游戏 一如既往的岁月\r\n[04:49.380]你看荒谬的我们 离开禁忌的游戏', 380),
(8, '罗庄的冬天', 1, 'http://127.0.0.1/mp3/lizhi/200412/8.mp3', '[00:52.16]我时常会想起\r\n[01:02.83]那年冬天下过的雪\r\n[01:16.86]你是否还记得\r\n[01:27.60]关于未来关于现在\r\n[01:41.70]无尽的风像锋利的匕首\r\n[01:53.67]刺痛我想你的心\r\n[02:06.33]沉默的你像无尽的风\r\n[02:18.37]时而抚摩我的心\r\n[02:31.08]来 ........\r\n[02:56.79]\r\n[03:45.15]我时常会想起\r\n[03:55.96]那年冬天下过的雪\r\n[04:09.92]你是否还记得\r\n[04:20.64]关于现在关于未来\r\n[04:34.67]悲伤的往昔夹杂着\r\n[04:45.66]今生仅剩的欢愉\r\n[04:59.52]永恒的奔跑\r\n[05:05.64]依旧要面对空乏的明天\r\n[05:24.07]来 ........', 413),
(9, '红色气球', 1, 'http://127.0.0.1/mp3/lizhi/200412/9.mp3', '[00:28.450]红色的气球它现在飘在哪里\r\n[00:37.120]红色舞鞋又在谁的怀里\r\n[00:45.010]我们就坐在这里的下面\r\n[00:53.140]听他们歌唱或者沉默\r\n[01:01.870]这么多年过去了你看\r\n[01:12.400]我的眼中充满着泪水\r\n[01:19.900]这么多年过去了你看\r\n[01:28.510]我的眼中充满着泪水\r\n[01:52.820]你忧郁的面容在我的眼里倒影\r\n[02:01.180]我无助的双手刻画着青春\r\n[02:10.050]此刻在我眼里一切都渐渐清晰\r\n[02:17.970]是谁在唱歌\r\n[02:25.550]是谁在唱歌\r\n[02:34.180]是谁还在唱歌', 173),
(10, '你离开了南京,从此没有人和我说话', 2, 'http://127.0.0.1/mp3/lizhi/200512/1.mp3', '', 74),
(11, '董卓瑶', 2, 'http://127.0.0.1/mp3/lizhi/200512/2.mp3', '[00:30.610]这是一个结婚的车队\r\n[00:33.570]在无人的夜里奔跑\r\n[00:37.800]我观望着找不到新郎在哪里\r\n[00:44.200]灯光和星光 是祝福的烟火\r\n[00:50.530]悲剧在天亮时发生\r\n[00:57.000]\r\n[00:57.520]毛毛你是个好姑娘 你要保护好你自己\r\n[01:03.960]你可知世上没有什么好人 你别被他们都骗了\r\n[01:10.760]毛毛你是个好姑娘 你要把持住你的欲望\r\n[01:17.390]你可知我想像你一样纯洁 你不能比我还要放荡\r\n[01:24.100]悲伤的事情 既然已经这样发生\r\n[01:30.390]你就不能这样的看着我\r\n[01:37.420]一切的一切不过只是野鸽子飞过天空\r\n[01:43.539]孩子你最隐秘的幻想究竟是什么\r\n[01:50.200]毛毛你个好姑娘 你要保护好你自己\r\n[01:57.229]你可知世上没有什么好人 你别被他们都骗了\r\n[02:03.730]毛毛你是个好姑娘 你要把持住你的欲望\r\n[02:10.870]你可知我想像你一样纯洁 你不能比我还要放荡\r\n[02:16.800]啦啦啦啦\r\n[02:27.170]……\r\n[02:37.880]啦啦啦啦\r\n[02:41.690]\r\n[02:57.320]一切的一切不过只是野鸽子飞过天空\r\n[03:04.400]孩子你最纯洁的幻想究竟是什么', 200),
(12, '春末的南方城市', 2, 'http://127.0.0.1/mp3/lizhi/200512/3.mp3', '[00:20.79]这个下雨的清晨\r\n[00:22.92]我从南方的这个城市准备去南方的那个城市\r\n[00:29.69]我和我的兄弟在一家包子铺门口分手赶往远处的站台\r\n[00:39.65]车上的白领睡意朦胧隔着眼屎看着我\r\n[00:46.72]这让人心慌 这让人心慌\r\n[00:53.61]这让人心慌 这让人心慌\r\n[01:15.63]这个下雨的清晨\r\n[01:17.78]我从城市的这头渡过河去城市的那头\r\n[01:24.61]街上的红灯绿灯闪烁不停闪烁不停闪烁\r\n[01:31.33]这让人心慌\r\n[01:34.93]兄弟在玻璃的建筑里 我在潮湿的路上\r\n[01:41.70]人们重复着重复着重复着重复着重复\r\n[01:48.39]这让人心慌 这让人心慌\r\n[01:55.34]这让人心慌 这让人心慌\r\n[02:02.21]这让人心慌\r\n[02:07.04]不知道有谁能让你诉说\r\n[02:13.87]你这样的生活到底为了什么\r\n[02:20.71]我看见你靠在窗口沉默\r\n[02:27.58]路过了青春我们还拥有什么\r\n[02:32.99]这让人心慌 这让人心慌\r\n[02:39.92]这让人心慌 这让人心慌\r\n[02:48.19]不知道有谁能让你诉说\r\n[02:54.69]你这样的生活到底为了什么\r\n[03:01.94]我看见你靠在窗口沉默\r\n[03:08.48]路过了青春我们还拥有什么\r\n[03:14.14]这让人心慌 这让人心慌\r\n[03:21.03]这让人心慌 这让人心慌\r\n[03:27.81]这让人心慌 这让人心慌\r\n[03:34.70]这让人心慌 这让人心慌\r\n[03:41.57]这让人心慌 这让人心慌', 249),
(13, '来了', 2, 'http://127.0.0.1/mp3/lizhi/200512/4.mp3', '[00:12.780]爱情来了\r\n[00:20.340]她穿过夜色来看望一个人\r\n[00:25.820]那不是我 是我的兄弟\r\n[00:34.560]她背对着我脱下淋湿的衣服\r\n[00:38.840]我看见外面两只喜鹊在打架\r\n[00:45.230]我系进着鞋带冲进这夜色 夜色在唱 在唱\r\n[00:59.790]来来来 ...\r\n[01:34.960]理想来了\r\n[01:39.250]它是个被母亲遗弃的小孩\r\n[01:44.740]有一双结实的大腿蹦蹦跳跳到处乱跑\r\n[01:52.630]我的兄弟曾经那么疯狂的爱着它 跟随着它\r\n[02:05.980]不知道什么时候兄弟偷偷哭泣 要放弃它 于是唱\r\n[02:18.190]来来来 ...\r\n[02:54.650]命运来了\r\n[03:16.670]它带着天平给每个人算命\r\n[03:21.500]我看着它 睡着了\r\n[03:29.480]我曾经那么无知的鄙视它 诅咒它\r\n[03:42.460]如今我跪倒着苛求个机会 它看着我笑了 于是我唱\r\n[03:55.510]来来 ...\r\n[04:13.390]不管曾经或是以后\r\n[04:19.020]拥有是什么\r\n[04:23.000]请你相信我 我还会唱歌\r\n[04:31.600]或许生死 或许悲观 离别是什么\r\n[04:39.580]亲爱的兄弟 我还会唱歌\r\n[04:49.540]不管永远 或是现在 会有些什么\r\n[04:57.660]请你相信我 我还会唱歌\r\n[05:07.250]来来来 ....', 314),
(14, '暧昧', 2, 'http://127.0.0.1/mp3/lizhi/200512/5.mp3', '[00:31.770]妹妹 你的辫子很长 它比你的爱情长\r\n[00:41.200]妹妹 你的爱情很长 它比我的弟弟长\r\n[00:50.980]什么时候我们一起出发\r\n[00:57.360]什么时候你才能忘了他\r\n[01:03.830]妹妹 你的咪咪很大 它比我的理想大\r\n[01:13.300]我说 妹妹 我的理想很大 它比我们的未来大\r\n[01:23.520]什么时候我们一起出发\r\n[01:29.810]什么时候你才能忘了他\r\n[01:35.850]妹妹 你的辫子很长 它比你的爱情长\r\n[02:10.410]我说 妹妹 你的爱情很长 它比我的弟弟长\r\n[02:20.540]什么时候我们一起出发\r\n[02:26.990]什么时候你才能忘了他\r\n[02:33.420]我说 妹妹 你的咪咪很大 它比我的理想大\r\n[02:43.340]可是 妹妹 我的理想很大 它比我们的未来大\r\n[02:52.820]什么时候我们一起出发\r\n[03:00.290]什么时候你才能忘了他', 220),
(15, '想起了他', 2, 'http://127.0.0.1/mp3/lizhi/200512/6.mp3', '[00:18.230]这一片落叶飞过。\r\n[00:26.000]又是，\r\n[00:29.230]沦陷又是昏恹的头。\r\n[00:36.230]分开的往昔谷底，\r\n[00:44.230]是谁，\r\n[00:46.230]又在轻声呼唤。\r\n[00:51.230]想起了她，\r\n[00:56.230]想起了她。\r\n[01:01.230]让我，\r\n[01:04.230]仍会想起了她。\r\n[01:09.230]想起了她。\r\n[01:13.230]想起了她。\r\n[01:18.230]是谁，\r\n[01:22.230]让我想起了她。\r\n[01:27.230]\r\n[01:45.230]南边的风依然的湿，\r\n[01:54.230]暖暖地掠过这溪底。\r\n[02:02.230]装满我这一刻落寂。\r\n[02:11.230]又回头时候，\r\n[02:16.230]迷离。\r\n[02:19.230]想起了她，\r\n[02:23.230]想起了她。\r\n[02:29.230]是谁，\r\n[02:31.230]让我想起了她。\r\n[02:37.230]想起了她，\r\n[02:41.230]想起了她。\r\n[02:47.230]让我，\r\n[02:49.230]又会想起了她。\r\n[02:55.230]你飞,\r\n[02:57.230]啦啦哩咧哩。。\r\n[03:04.230]别回头，在心口，\r\n[03:09.230]这纷纷扰扰。\r\n[03:12.230]你飞,\r\n[03:16.230]哩哩咧哩咧。。\r\n[03:21.230]别去,\r\n[03:23.230]争吵抱歉的槐树。\r\n[03:31.230]想起了她，\r\n[03:34.230]想起了她。\r\n[03:38.230]我，\r\n[03:41.230]又在想起了她。\r\n[03:46.230]想起了她，\r\n[03:51.230]想起了她。\r\n[03:56.230]是谁，\r\n[04:00.230]让我想起了她。', 276),
(16, '梵高先生', 2, 'http://127.0.0.1/mp3/lizhi/200512/7.mp3', '[00:00.00] 作曲 : 李志\r\n[00:01.00] 作词 : 李志\r\n[00:12.640]谁的父亲死了\r\n[00:31.070]请你告诉我如何悲伤\r\n[00:38.030]谁的爱人走了\r\n[00:43.800]请你告诉我如何遗忘\r\n[01:15.960] 我们生来就是孤独\r\n[01:23.780] 我们生来就是孤单\r\n[01:30.160]不管你拥有什么\r\n[01:35.530]我们生来就是孤独\r\n[02:11.010]让我再看你一眼\r\n[02:39.010]星空和黑夜\r\n[02:45.330] 西去而转折的飞鸟\r\n[02:52.180] 我们生来就是孤独\r\n[03:25.050]我们生来就是孤独\r\n[03:30.980]我们生来就是孤独\r\n[03:36.310]我们生来就是孤独\r\n[03:42.100]我们生来就是孤独\r\n[03:49.070]我们生来就是孤独\r\n[03:54.380]我们生来就是孤独\r\n[04:01.650]我们生来就是孤独', 252),
(17, '斜', 2, 'http://127.0.0.1/mp3/lizhi/200512/8.mp3', '[00:05.840]一只鸟在黄昏阳台.沉默沉默\r\n[00:45.570]晚霞中漂移的身影,是你是你\r\n[01:02.780]可是孤独的你,我不能跟随着你\r\n[01:12.210]可是孤独的你.我不能跟随着你\r\n[01:21.040]我不能,我不能\r\n[01:29.230]我不能,我不能\r\n[02:12.550]可是亲爱的你,我不能说我爱你\r\n[02:21.820]可是亲爱的你,我不能说我爱你\r\n[02:30.090]我不能说,我不能说 我不能说 ,我不能说', 217),
(18, '广场', 2, 'http://127.0.0.1/mp3/lizhi/200512/9.mp3', '', 251),
(19, '妈妈', 3, 'http://127.0.0.1/mp3/lizhi/200611/1.mp3', '[00:35.010]还有什么能够盛开\r\n[00:45.980]你知道我一直很乖\r\n[00:53.410]我们的过去是一片稻田\r\n[01:01.750]还有什么值得期待\r\n[01:11.430]mama dont let me down\r\n[01:19.410]mama go with the wind\r\n[01:28.390]蒲公英和炊烟都在等你\r\n[01:37.840]你的孩子一直很乖\r\n[02:19.070]mama dont let me down\r\n[02:31.460]mama go with the wind\r\n[02:41.050]蒲公英和炊烟都在等你\r\n[02:50.700]你的孩子一直很乖', 244),
(20, '喀纳斯', 3, 'http://127.0.0.1/mp3/lizhi/200611/2.mp3', '[00:54.40][00:03.57]我想在今夜坐一辆绿色列车看望你喀纳斯\r\n[01:05.34][00:27.09]穿黄色风衣沾满兄弟的叹息看望你喀纳斯\r\n[01:16.85][00:38.22]可是我的爱人她迷失了\r\n[01:24.10][00:45.64]可是我的爱人她迷失了\r\n[01:31.62]你可曾听见风抚摸原野呼唤你喀纳斯\r\n[01:58.74]你可曾看见荒芜的心田期盼你喀纳斯\r\n[02:09.81]可是我的爱人又迷失了\r\n[02:17.35]可是我的爱人又迷失了\r\n[02:25.48]假如这群乌鸦它没能飞跃 我是否该相信你的眼睛\r\n[02:40.54]可是啊喀纳斯 你还在等待 等待每一个每个孤独的人\r\n[02:55.79]可是啊喀纳斯 你还在等待 等待每一个每个失落的人\r\n[03:11.92]假如这次出声本没有发生 我是否该相信你的眼睛\r\n[03:55.92]可是啊喀纳斯 你还在等待 等待每一个每个孤独的人\r\n[04:11.00]可是啊喀纳斯 你还在等待 等待每一个每个失落的人\r\n[04:26.42]等待每一个每个孤独的人\r\n[04:33.58]等待每一个每个失落的人', 320),
(21, '和你在一起', 3, 'http://127.0.0.1/mp3/lizhi/200611/3.mp3', '[00:17.19]昨天在梦里\r\n[00:21.30]我又看见你\r\n[00:24.60]宝贝 他们说 我不爱你\r\n[00:33.36]你拥有我的\r\n[00:37.30]不只是今夜\r\n[00:40.75]可是 你比我 小了六岁\r\n[00:49.40]如果我们不能结婚\r\n[00:53.19]你怎么受得了\r\n[00:56.54]宝贝 我知道 虽然你不说\r\n[01:05.33]如果我们就要结婚\r\n[01:09.14]我怎么能受得了\r\n[01:12.55]宝贝 别在夜里等我\r\n[01:19.78]\r\n[01:24.30]\r\n[01:26.95]\r\n[01:41.30]我已经不会\r\n[01:45.26]经常想她们\r\n[01:48.74]可是 过去 怎能全忘记\r\n[01:57.39]你不相信我\r\n[02:01.46]也不会再说\r\n[02:04.71]宝贝 随便吧 随便吧\r\n[02:13.37]我想和你在一起\r\n[02:17.31]直到我不爱你\r\n[02:20.54]宝贝 人和人 一场游戏\r\n[02:29.39]我愿意为你死去\r\n[02:33.37]如果我还爱你\r\n[02:36.65]宝贝 反正活着 也没意义\r\n[02:45.30]我要和你在一起\r\n[02:49.30]直到我不爱你\r\n[02:52.62]宝贝 人和人 一场游戏\r\n[03:01.31]我愿意为你死去\r\n[03:05.37]如果我还爱你\r\n[03:08.56]宝贝 我也只能 这样为你\r\n[03:16.56]宝贝 我也只能 这样为你\r\n[03:24.63]宝贝 我也只能 这样为你', 252),
(22, '我们不能失去信仰－－献给刘艺', 3, 'http://127.0.0.1/mp3/lizhi/200611/4.mp3', '[00:00.00]献给阿吊吧~\r\n[00:08.29]他们在这世界上面不停地奔跑\r\n[00:45.44]一不小心就改变了我们\r\n[00:51.64]我们在这世界上面不停地奔跑\r\n[00:59.93]一不小心就改变了生活\r\n[01:06.93]他们在这世界上面不停地奔跑\r\n[01:45.46]一不小心就改变了我们\r\n[01:50.96]我们在这世界上面不停地奔跑\r\n[02:00.62]一不小心就改变了生活\r\n[02:07.51]他们在这世界上面不停地奔跑\r\n[02:15.81]一不小心就改变了我们\r\n[02:23.75]我们在这世界上面不停地奔跑\r\n[02:31.18]一不小心就改变了生活\r\n[02:38.63]又有谁就这样的看着你\r\n[02:46.48]怀春的少女陷入哀伤\r\n[02:53.77]生命曾经闪耀思想的容光\r\n[03:01.66]我们不能失去信仰~', 252),
(23, '翁庆年的六英镑', 3, 'http://127.0.0.1/mp3/lizhi/200611/5.mp3', '[00:02.43]兄弟在伊斯坦布尔给我带来六英镑\r\n[00:29.54] 他说在这个世界上没有它不能买到的东西\r\n[00:44.27] 不是我不相信你啊兄弟\r\n[00:50.07] 不是我不相信这六英镑\r\n[00:57.46] 只是你知道的那些过去\r\n[01:04.19] 只是你知道的那些过去\r\n[01:12.15] 昨天我在街头的拐角看见一家猪头店\r\n[01:40.08] 那个带D杯罩的女人说你想要什么就对我说\r\n[01:54.31] 我说老板 一斤尊严要多少钱\r\n[02:01.90] 我说老板 一斤理想要多少钱\r\n[02:09.08] 我说老板 一斤坚持要多少钱\r\n[02:16.44] 我说老板 一斤纯粹要多少钱\r\n[02:50.30] 我说朋友 一斤爱情要多少钱\r\n[02:57.38] 我说宝贝 一斤欲望要多少钱\r\n[03:04.17] 我说兄弟 一斤婚姻要多少钱\r\n[03:11.56] 我说老板 一斤理想要多少钱', 257),
(24, '他们', 3, 'http://127.0.0.1/mp3/lizhi/200611/6.mp3', '[00:00.79]他們\r\n[00:02.31]工体东路没有人\r\n[00:03.72]李志\r\n[00:08.09]有人在哭泣，有人在歌唱，有人生來有錢包 \r\n[00:14.78]有人在奮鬥，有人在幻想，有人一生沒吃飽 \r\n[00:20.46]他們指向左，他們指向右，他們買了壯陽藥 \r\n[00:25.25]我們没有哭，我們没有闹，我們的生活多美好 \r\n[00:32.41]啦啦啦啦啦啦，啦啦啦啦啦啦 \r\n[00:37.75]啦啦啦啦啦啦，我們的生活多美好 \r\n[00:43.47]鐵路向西走，長江不能流，到底誰才是走狗 \r\n[00:49.79]天亮漱漱口，天黑動動手，勞動爲了給稅收 \r\n[00:55.51]他們指向左，他們指向右，他們一直有洋樓 \r\n[01:01.23]我們没有闹，我們不能叫，我們的生活帶套套 \r\n[01:07.21]啦啦啦啦啦啦，啦啦啦啦啦啦 \r\n[01:13.75]啦啦啦啦啦啦，我們的生活多美好 \r\n[01:36.88]爸爸喜歡嫖，媽媽就會闹，上學還要請家教 \r\n[01:42.44]爺爺睡不著，奶奶看不到，白衣天使真是好 \r\n[01:48.68]他們指向左，他們指向右，一直有狗跟著跑 \r\n[01:53.49]我們沒有鬧，我們沒上吊，這樣還不算厚道？ \r\n[02:00.11]啦啦啦啦啦啦，啦啦啦啦啦啦 \r\n[02:05.07]啦啦啦啦啦啦，我們的生活多美好\r\n[02:12.61]無極是無恥，春晚是婊子，月亮小组有意思 \r\n[02:17.59]孫逸仙同志，毛潤之博士，阿扁閑著沒吊事 \r\n[02:23.21]他們指向左，他們指向右，你我不能沒腦子 \r\n[02:29.01]閉眼隨便過，睜眼將就活，我們的生活多美好 \r\n[02:35.15]啦啦啦啦啦啦，啦啦啦啦啦啦 \r\n[02:41.40]啦啦啦啦啦啦，我們的生活多美好 \r\n[02:47.18]啦啦啦啦啦啦，啦啦啦啦啦啦 \r\n[02:53.40]啦啦啦啦啦啦，我們的生活多美好', 297),
(25, '海的女儿', 3, 'http://127.0.0.1/mp3/lizhi/200611/7.mp3', '[00:04.37]失落吧爱人，今夜我已经迷失了太多。\r\n[00:21.57]孤独的少女 ，突然陷入了期待的哀伤\r\n[00:31.26]海，宽容着一切不能温暖你。\r\n[00:41.90]孩子的哭泣指引着未来，\r\n[00:53.04]你的回忆让我忘记了她，\r\n[01:02.66]下午的我们相遇又分开\r\n[01:12.36]让我淹没在这沉默的海，\r\n[01:40.70]未来的报应开始于现在，\r\n[01:50.89]一个又一个黄昏悄悄离开\r\n[02:00.03]是谁牵引了你呼唤着海，\r\n[02:10.32]你的心里面漂满了色彩，\r\n[02:19.75]一个又一个我们腐朽着存在', 211),
(26, '交河', 3, 'http://127.0.0.1/mp3/lizhi/200611/8.mp3', '', 219),
(27, '这个世界会好吗', 3, 'http://127.0.0.1/mp3/lizhi/200611/9.mp3', '[00:00:00]吊车尾哥哥手动制作滚动歌词\r\n[00:01:00]作曲：李志\r\n[00:02:00]作词：李志\r\n[00:03.233]妈妈，他们抛弃了我\r\n[00:11.233]像歌唱一样抛弃了我\r\n[00:17.423]妈妈，我是多么爱你\r\n[00:24.233]当我歌唱的时候我爱你\r\n[00:31.424]只是那些猛烈的情绪\r\n[00:38.233]在睡不着的时候折磨着我\r\n[00:45.682]我那死去的父亲\r\n[00:52.233]在没有星星的夜晚就看着你\r\n[01:03.678]妈妈，我会在夏天开放吗\r\n[01:10.678]像你曾经的容颜那样\r\n[01:17.680]妈妈，这种失落会持久吗\r\n[01:25.678]这个世界会好吗\r\n[01:31.924]忘记一些隐秘的委屈\r\n[01:38.678]在回头观望的时候迷失了自己\r\n[01:45.182]我的正在老去的身体\r\n[01:52.678]从某一点开始就在渐渐逝去\r\n[01:58.174]妈妈我爱你\r\n[02:29.929]妈妈，我居然爱上了她\r\n[02:34.678]像唱歌一样就爱上了她\r\n[02:42.177]妈妈，当你又回首一切\r\n[02:49.678]这个世界会好吗', 240),
(28, '人民不需要自由', 3, 'http://127.0.0.1/mp3/lizhi/200611/10.mp3', '', 281),
(29, '意味', 4, 'http://127.0.0.1/mp3/lizhi/200909/1.mp3', '[00:11.27]忘了他，在夜里。\r\n[00:30.48]阴暗的青春不只是那些人那些事\r\n[00:40.11]算了吧，就这样。\r\n[00:50.87]那些过往的事情还在别处看不清\r\n[01:00.78]你的光亮照耀在哪里，我在沉默中被放屁惊醒\r\n[01:10.00]他们看见的你和我看见的她说也说不清\r\n[01:15.87]此刻你在世界的中心，或者你在中心的边缘\r\n[01:21.90]这个世界不为你不为我所了解能掌控\r\n[01:27.78]或许它根本就不存在\r\n[01:32.51]有些人，去死吧。\r\n[02:07.40]其实我内心的幻觉也不过是这样\r\n[02:17.46]兄弟啊，算了吧，\r\n[02:28.23]就算我再想起你又能意味着什么\r\n[02:37.71]就算我再想起你又能意味着什么\r\n[02:49.43]就算我又想起你还能意味着什么\r\n[02:58.94]就算我又想起你还能意味着什么', 202),
(30, '苍井空', 4, 'http://127.0.0.1/mp3/lizhi/200909/2.mp3', '[00:15.310] 欧米嘎，\r\n[00:35.890]你可看见昨天黄昏屋顶的云\r\n[00:40.919]它多么像你，\r\n[00:44.759]游移不定\r\n[00:49.809]青春啊，\r\n[00:53.349]让我忘记这故事那身体和昨天的梦\r\n[01:00.279]循环的你，\r\n[01:04.508]问我幸福在哪里\r\n[01:09.049]阳光下的你坐上一辆蓝色汽车\r\n[01:16.219]抚摸着背包里的玩具陪他哭泣\r\n[01:24.779]无处可逃，一片空白\r\n[01:33.299]梧桐下的人们，忽明忽暗\r\n[01:41.278]\r\n[01:42.100]欧米嘎，\r\n[01:43.909]我不是在每个勃起的清晨才想起你\r\n[01:50.949]你的样子，\r\n[01:54.979]他们早就忘了\r\n[01:59.269]撕裂吧，\r\n[02:03.059]如果我没来过这疯狂的荒谬的世界\r\n[02:09.890]南京已老了，\r\n[02:14.330]我就快死了\r\n[02:18.570]时常会去假设另一种生活\r\n[02:27.690]把一切安排的不像现在遥远\r\n[02:35.420]我不该如此伤心啊\r\n[02:44.050]孩子们会跳舞，\r\n[02:48.150]死神也歌唱\r\n[03:12.720]从一个城市谨慎着来看我\r\n[03:31.760]透过床头的玻璃看着外面\r\n[03:41.060]无处可逃，你沉默了\r\n[03:48.610]四月的早晨，让人悲伤\r\n[03:56.070]\r\n[03:56.700]青春啊，\r\n[03:59.220]总是在这样分裂的失落的煎熬的夜晚让人伤心\r\n[04:07.340]我多么想你，\r\n[04:10.920]只能轻轻唱歌', 260),
(31, '结婚', 4, 'http://127.0.0.1/mp3/lizhi/200909/3.mp3', '[00:20.730]你像我见过的那个少年，背着青春走在九月的街头\r\n[00:35.190]一阵风吹乱了我的头发，突然天气变得如此哀怨\r\n[00:51.130]只不过是一场生活，只不过是一场生活\r\n[01:06.230]只不过是一场生活，只不过是一场生活\r\n[01:22.710]他举着新鲜的花圈在路口，等待人们给他穿越的信号\r\n[01:38.060]阿姨迅速地转移了她的目光，你像个画像定格在中央\r\n[01:53.960]只不过是一场命运，只不过是一场命运\r\n[02:09.440]只不过是一场命运，只不过是一场命运\r\n[02:26.580]我想给你三万收买这婚姻，和那个陌生的女人虚度这时光\r\n[02:58.030]一个电话打出了我的眼泪，往事涌上心头青春就散场\r\n[03:14.880]只不过是一场游戏，只不过是一场游戏\r\n[03:29.030]只不过是一场游戏，只不过是一场游戏', 353),
(32, '鸵鸟', 4, 'http://127.0.0.1/mp3/lizhi/200909/4.mp3', '[01:01.020]别把我和他们扯在一起\r\n[01:09.310]我没有他们那么崇高，\r\n[01:13.590]也没有他们那么装逼\r\n[01:17.740]别管我，我只是一只发黑的苹果\r\n[01:22.280]朋友，\r\n[01:25.760]你的身材可别走样咯\r\n[01:30.090]看着你成为一个胖子，\r\n[01:33.630]多少我会有一点尴尬\r\n[01:37.270]人群里不和谐的歌唱，\r\n[01:41.160]我只是一头发情的鸵鸟\r\n[01:45.400]是谁带你来看这场庙会\r\n[01:52.760]行为掩饰后超越了思维\r\n[02:00.250]舞台上的小丑和你的左小腿\r\n[02:05.030]别管我，\r\n[02:07.440]别把我和他们扯在一起\r\n[02:24.920]让他们去寻找可能是高贵的荣耀\r\n[02:30.300]我已经失去爱的本领\r\n[02:33.940]也不会恨的那么聪明\r\n[02:37.930]别管我，我只是发出下贱的声音\r\n[02:42.460]世界被伤害了无法入睡\r\n[02:50.330]声音被重复着怀疑眼泪\r\n[02:57.560]中国是他们的也或是你们的\r\n[03:02.490]别管我，\r\n[03:04.890]我只是一个偶像派歌手\r\n[03:08.670]是谁带你来看这场庙会\r\n[03:16.850]行为掩饰后超越了思维\r\n[03:24.500]舞台上的小丑和你的左小腿\r\n[03:28.880]别管我，\r\n[03:31.860]别把我和他们扯在一起\r\n[03:36.910]世界被伤害了无法入睡\r\n[03:44.020]声音被重复着怀疑眼泪\r\n[03:49.810]是谁带你来看这场庙会\r\n[03:57.570]行为掩饰后超越了思维', 267),
(33, '天空之城', 4, 'http://127.0.0.1/mp3/lizhi/200909/5.mp3', '[00:01.399]飞机飞过天空，天空之城\r\n[00:09.650]落雨下的黄昏的我们\r\n[00:16.659]此刻我在异乡的夜里\r\n[00:24.360]感觉着你忽明忽暗\r\n[00:29.280]\r\n[00:31.300]我想回到过去，沉默着欢喜\r\n[00:39.220]天空之城在哭泣，越来越明亮的你\r\n[00:46.410]爱情不过是生活的屁\r\n[00:53.470]折磨着我也折磨着你\r\n[00:57.990]\r\n[01:00.000]港岛妹妹，你献给我的西班牙馅饼\r\n[01:07.500]甜蜜地融化了我，天空之城在哭泣\r\n[01:14.520]港岛妹妹，我们曾拥有的甜蜜的爱情\r\n[01:22.110]疯狂地撕裂了我，天空之城在哭泣\r\n[01:30.600]\r\n[01:58.980]港岛妹妹，你献给我的西班牙馅饼\r\n[02:07.100]甜蜜地融化了我，天空之城在哭泣\r\n[02:13.899]港岛妹妹，我们曾拥有的甜蜜的爱情\r\n[02:21.099]疯狂地撕裂了我，天空之城在哭泣\r\n[02:28.479]港岛妹妹，你献给我的西班牙馅饼\r\n[02:36.309]甜蜜地融化了我，天空之城在哭泣\r\n[02:43.439]港岛妹妹，我们曾拥有的甜蜜的爱情\r\n[02:51.489]疯狂地撕裂了我，天空之城在哭泣\r\n[02:58.300]\r\n[03:04.090]有人路过那里，回来告诉我\r\n[03:11.409]天空之城在哭泣，无法呼吸的你\r\n[03:19.390]此刻我在异乡的夜里\r\n[03:26.099]想念着你越来越远', 223),
(34, '倒影', 4, 'http://127.0.0.1/mp3/lizhi/200909/6.mp3', '[00:10.550]我曾经以为幸福是跟随你\r\n[00:34.830]你却用理想来逃避\r\n[00:39.710]诶……亲爱的李志先生\r\n[00:46.590]你就像屎的倒影\r\n[00:52.270]我曾经幻想未来依靠着你\r\n[00:57.740]你却用距离来抛弃\r\n[01:03.80]诶……亲爱的李志先生\r\n[01:09.460]你就像屎的倒影\r\n[01:14.340]你就像屎的倒影\r\n[01:30.530]我曾经原谅你哭着等你\r\n[01:52.950]你却用自由来抗拒\r\n[01:57.940]诶……亲爱的李志先生\r\n[02:04.790]你就像屎的倒影\r\n[02:10.600]你就像屎的倒影\r\n[02:17.180]你就像屎的倒影\r\n[02:22.810]你就像屎的倒影\r\n[02:28.440]你就像屎的倒影\r\n[02:34.470]你就像屎的倒影\r\n[02:40.460]你就像屎的倒影\r\n[02:46.410]你就像............', 183),
(35, '爱', 4, 'http://127.0.0.1/mp3/lizhi/200909/7.mp3', '[00:15.56]它华丽地在我眼前飘过\r\n[00:23.57]比想象中纯洁的爱情\r\n[00:31.57]在清晨的**里奔跑\r\n[00:40.50]胖子死在了回来的路上\r\n[00:47.52]诶……什么是爱，诶……什么是爱\r\n[00:59.51]诶……什么是爱，诶……什么是爱\r\n[01:10.57]\r\n[01:28.50]它在雾里面迷失了快感\r\n[01:35.58]疯子似的以为自己还年轻\r\n[01:43.57]胖子没有停止他的飞行\r\n[01:50.56]因为落下的时候会发出巨大的声音\r\n[01:59.54]诶……什么是爱，诶……什么是爱\r\n[02:11.51]诶……什么是爱，诶……什么是爱\r\n[02:23.56]诶……什么是爱，诶……什么是爱\r\n[02:35.56]诶……什么是爱，诶……什么是爱\r\n[02:41.55]诶……什么是爱，诶……什么是爱\r\n[02:53.56]诶……什么是爱，诶……什么是爱', 201),
(36, '家乡', 4, 'http://127.0.0.1/mp3/lizhi/200909/8.mp3', '[00:21.98]这个城市已经死了\r\n[00:25.04]这个夏天也死了\r\n[00:29.59]我们走在街上，遇到的是一群死人\r\n[00:32.96]和另一群死人\r\n[00:35.56]而他们看起来就像活着一样\r\n[00:46.43]家乡的小麦熟了\r\n[00:48.34]家乡的人老了\r\n[00:50.55]他们看着我，有时候就像没有看着一样\r\n[00:54.61]而年轻人都去了城市\r\n[00:57.05]年轻人都去了工厂\r\n[01:06.08]有时候我觉得我死了\r\n[01:07.62]有时候我觉得我老了\r\n[01:09.65]有时候我看着疲软的身体却无法把我们的过去想起\r\n[01:13.85]有时候我觉得我疯了\r\n[01:15.30]有时候我觉得我还活着\r\n[01:17.78]而所有来来往往的一切就像一条孤独的鲫鱼\r\n[01:25.21]就像一条孤独的鲫鱼\r\n[01:36.83]城里的人不知道什么是自由\r\n[01:39.17]城里的人不知道什么是爱\r\n[01:42.16]他们以为我们想要的只不过是他们轻而易举所拥有的\r\n[01:52.83]我想在死之前回到家乡\r\n[01:54.81]我想在老之前和他们在一起\r\n[01:57.55]我罪孽、激荡、沉重、哀怨的一生必须埋在家乡\r\n[02:02.22]大雨就要来了\r\n[02:04.09]夹杂你柔软的身体和动人的故事\r\n[02:07.40]而这一切却再也无法将我打动\r\n[02:11.70]一片死寂的天空\r\n[02:16.86]一片死寂的天空\r\n[02:25.27]一片死寂的天空\r\n[02:31.99]死寂的天空\r\n[02:33.63]哎...\r\n[04:13.49]昨天，一个陌生人问我\r\n[04:21.47]嘿，朋友，你的家在哪里\r\n[04:30.45]这个问题把我难住了\r\n[04:39.31]你知道我离家太久\r\n[04:47.17]让我想一想我的童年和家乡\r\n[04:55.63]让我想一想我的爹和娘\r\n[05:03.96]让我再想一想我的过去和家乡\r\n[05:12.61]让我想一想我的爹和娘', 343),
(37, '1990年的春天', 4, 'http://127.0.0.1/mp3/lizhi/200909/9.mp3', '[00:37.620]姐姐，\r\n[00:40.740]今夜我在等你\r\n[00:44.360]那个夏天，那辆火车。\r\n[00:52.080]带我们去一个地方\r\n[01:00.360]爸爸，他在听着汽笛声\r\n[01:07.540]妈妈，为你做了白裙子\r\n[01:14.150]姐姐，\r\n[01:17.920]今夜我在想你\r\n[01:21.400]我的朋友，他们都老了。\r\n[01:28.780]只有你，永远十七岁\r\n[01:37.340]我已忘了家乡的春天是什么\r\n[01:44.930]我已忘了你的颜色是什么\r\n[01:51.560]我已忘了他们议论的是什么\r\n[01:59.680]我已忘了明天的我是什么\r\n[02:20.750]姐姐，\r\n[02:23.100]今夜我在恨你\r\n[02:27.440]你的眼睛出卖了我。\r\n[02:34.590]你的爱毁灭了我\r\n[02:43.770]什么时候我才能忘了你\r\n[02:51.910]什么时候我才能靠近你\r\n[02:58.000]什么时候我才能忘记你\r\n[03:05.770]什么时候我才能靠近你', 270),
(38, '冬妮娅', 4, 'http://127.0.0.1/mp3/lizhi/200909/11.mp3', '[01:47.91]再见吧 再见 我的爱人\r\n[01:54.20]今夜不要和我说话\r\n[02:01.10]我们的爱情埋在大街上\r\n[02:07.63]我们的明天在天上\r\n[02:13.83]\r\n[02:14.65]不要问我去哪里\r\n[02:21.03]不要说着伤心的话\r\n[02:27.58]我的睾丸破碎了\r\n[02:34.05]再见吧再见吧再见\r\n[02:42.21]\r\n[03:07.91]再见吧 再见 我的兄弟\r\n[03:14.22]你可知我心里埋怨谁\r\n[03:20.58]\r\n[03:21.22]我们的青春埋在大街上\r\n[03:27.96]我们的命运在哪里\r\n[03:34.42]我们的生活埋在大街上\r\n[03:42.44]我们的明天在哪里', 232),
(39, '听妈妈讲那过去的事情', 4, 'http://127.0.0.1/mp3/lizhi/200909/12.mp3', '[00:49.130]月亮在白莲花般的云朵里穿行\r\n[00:58.610]晚风吹来一阵阵快乐的歌声\r\n[01:08.980]我们坐在高高的谷堆旁边\r\n[01:15.170]听妈妈讲那过去的事情\r\n[01:22.100]我们坐在高高的谷堆旁边\r\n[01:28.230]听妈妈讲那过去的事情\r\n[01:38.910]月亮在白莲花般的云朵里穿行\r\n[01:48.900]晚风吹来一阵阵快乐的歌声\r\n[01:58.280]我们坐在高高的谷堆旁边\r\n[02:04.210]听妈妈讲那过去的事情\r\n[02:11.220]我们坐在高高的谷堆旁边\r\n[02:18.260]听妈妈讲那过去的事情', 170),
(40, '美丽的梭罗河', 4, 'http://127.0.0.1/mp3/lizhi/200909/13.mp3', '[00:19.679]美丽的梭罗河\r\n[00:23.770]我为你歌唱\r\n[00:27.570]你的光荣历史\r\n[00:30.990]我永远记在心上\r\n[00:36.229]旱季来临\r\n[00:40.359]你轻轻流淌\r\n[00:45.199]雨季时波涛滚滚\r\n[00:48.249]你流向远方\r\n[00:53.539]你的泉源来自梭罗\r\n[00:57.690]万重山送你一路前往\r\n[01:01.979]滚滚的波涛流向远方\r\n[01:06.279]一直流入海洋\r\n[01:10.299]你的历史\r\n[01:14.899]就是一只船\r\n[01:19.529]商人们乘船远航\r\n[01:22.929]在美丽的河面上\r\n[01:46.038]你的泉源来自梭罗\r\n[01:50.388]万重山送你一路前往\r\n[01:53.290]滚滚的波涛流向远方\r\n[01:57.239]一直流入海洋\r\n[02:01.578]美丽的梭罗河\r\n[02:06.029]我为你歌唱\r\n[02:10.749]你的光荣历史\r\n[02:14.609]我永远记在心上', 149),
(41, '米店', 4, 'http://127.0.0.1/mp3/lizhi/200909/14.mp3', '[00:13.810]三月的烟雨飘摇的南方\r\n[00:19.560]你坐在你空空的米店\r\n[00:25.190]你一手拿着苹果一手拿着命运\r\n[00:31.920]寻找你自己的香\r\n[00:37.400]窗外的人们匆匆忙忙\r\n[00:44.630]把眼光丢在潮湿的路上\r\n[00:50.120]你的舞步划过空空的房间\r\n[00:57.200]时光就变成了烟\r\n[01:02.420]爱人，你可感到明天已经来临\r\n[01:09.850]码头上停着我们的船\r\n[01:15.490]我会洗干净头发爬上桅杆\r\n[01:23.820]撑起我们葡萄枝嫩叶般的家\r\n[01:30.160]三月的烟雨飘摇的南方\r\n[02:11.080]你坐在你空空的米店\r\n[02:16.350]你一手拿着苹果一手拿着命运\r\n[02:23.030]寻找你自己的香\r\n[02:29.480]窗外的人们匆匆忙忙\r\n[02:36.490]把眼光丢在潮湿的路上\r\n[02:42.380]你的舞步划过空空的房间\r\n[02:49.000]时光就变成了烟\r\n[02:54.980]爱人，你可感到明天已经来临\r\n[03:01.420]码头上停着我们的船\r\n[03:07.240]我会洗干净头发爬上桅杆\r\n[03:13.870]撑起我们葡萄枝嫩叶般的家', 211),
(42, '思念观世音', 4, 'http://127.0.0.1/mp3/lizhi/200909/15.mp3', '[00:01.330]我愿去阿弥陀的极乐世界\r\n[00:09.800]盛开那美丽的莲花\r\n[00:20.380]请施我身心无畏的力量\r\n[00:29.190]观世音，观世音菩萨\r\n[00:37.570]我愿去最深的阿鼻地狱\r\n[00:46.340]盛开那美丽的莲花\r\n[00:56.100]请施我身心无畏的力量\r\n[01:05.120]观世音，观世音菩萨\r\n[01:13.100]娑婆世界是多姿多彩的空间\r\n[01:22.430]器宇里有不息的欲望\r\n[01:31.750]看的远些，再远一些\r\n[01:40.130]放心在生死间穿梭延绵\r\n[02:01.690]留恋的少些，再少一些\r\n[02:14.740]却忍不住在转变的瞬间怅然\r\n[02:26.330]le……\r\n[02:33.600]le……', 207),
(43, '在那遥远的地方', 4, 'http://127.0.0.1/mp3/lizhi/200909/16.mp3', '[00:14.410]在那遥远的地方，有位好姑娘\r\n[00:26.130]人们走过了她的帐房，都要回头留恋地张望\r\n[00:39.080]她那粉红的笑脸，好像红太阳\r\n[00:49.060]她那美丽动人的眼睛，好像晚上明媚的月亮\r\n[01:27.730]我愿抛弃了财产，跟她去放羊\r\n[01:47.210]每天看着那粉红的笑脸和那美丽金边的衣裳\r\n[01:59.490]我愿做一只小羊，跟在她身旁\r\n[02:09.410]我愿她拿着细细的皮鞭不断轻轻打在我身上', 172),
(44, '再见', 4, 'http://127.0.0.1/mp3/lizhi/200909/17.mp3', '', 89),
(45, '墙上的向日葵', 5, 'http://127.0.0.1/mp3/lizhi/201009/1.mp3', '[00:26.91]窗外的风，吹过我的房间\r\n[00:42.02]吹动，你的向日葵\r\n[00:55.20]城市就躲在光明的背后\r\n[01:04.55]光明只是你隐秘的哀愁\r\n[01:13.88]时光就这样悄悄地溜走\r\n[01:22.33]溜走\r\n[01:27.54]\r\n[01:54.22]十年的风景就像下午的云\r\n[02:10.22]你和你的头发摇曳不定\r\n[02:23.00]带着她的影子站在街头\r\n[02:32.33]像恐惧的鱼拼命地游\r\n[02:42.33]时光就这样悄悄地溜走\r\n[02:48.41]\r\n[02:51.33]什么是我们分开的借口\r\n[03:01.90]什么能让我为谁停留\r\n[03:11.00]时光又一次忧伤地溜走\r\n[03:20.30]溜走', 292),
(46, '铅笔', 5, 'http://127.0.0.1/mp3/lizhi/201009/2.mp3', '[00:18.35]什么时候要忘记你，什么时候就想念你\r\n[00:25.38]什么时候握住龟头抚摸胸口\r\n[00:35.19]什么时候遇见你，什么时候失去你\r\n[00:42.53]我就像喝多了酒，十八岁的忧愁\r\n[00:50.03]\r\n[00:52.03]你还在笼罩我，你的名字还在纠结我\r\n[01:09.28]我只是一个人，我的歌里全都是你\r\n[01:24.27]\r\n[01:31.47]点燃这根香烟吧，点燃这个夜晚吧\r\n[01:39.94]我无所谓，开心或是伤悲\r\n[01:49.10]屋顶晴朗的早晨，触手可及的距离\r\n[01:56.91]他们告诉我，梦也是秘密\r\n[02:03.51]\r\n[02:06.46]你还在改变我，你的歌声还在温暖我\r\n[02:23.14]我只能一个人，我的明天早就给了你\r\n[02:38.83]\r\n[03:15.00]谁能够停止我，谁的声音能够拯救我\r\n[03:32.25]谁试图靠近你，谁的声音已经改变你\r\n[03:48.25]\r\n[03:50.80]喝完你留下的酒，喝完你给的命运\r\n[03:58.22]我抬起头，秋天已经来临', 275),
(47, '关于郑州的记忆', 5, 'http://127.0.0.1/mp3/lizhi/201009/3.mp3', '[00:36.250]关于郑州我知道的不多\r\n[00:43.000]为了爱情曾经去过那里\r\n[00:49.870]多少次在火车上路过这城市\r\n[00:56.440]一个人悄悄地想起她\r\n[01:02.380]她说她喜欢郑州冬天的阳光\r\n[01:09.310]巷子里飘满煤炉的味道\r\n[01:16.310]雾气穿过她年轻的脖子\r\n[01:22.370]直到今天都没有散去\r\n[01:28.500]关于郑州我想的全是你\r\n[01:34.560]想来想去都是忏悔和委屈\r\n[01:41.880]关于郑州我爱的全是你\r\n[01:47.500]爱来爱去不明白爱的意义\r\n[01:54.940]关于郑州只是偶尔想起\r\n[02:01.810]现在她的味道都在回忆里\r\n[02:07.380]每次和朋友说起过去的旅行\r\n[02:14.310]我不敢说我曾去过那里\r\n[02:45.690]关于郑州我想的全是你\r\n[02:52.930]想来生活无非是痛苦和美丽\r\n[02:59.750]关于郑州我爱的全是你\r\n[03:05.440]爱到最后我们都无路可去\r\n[03:13.880]似是而非或是世事可畏\r\n[03:19.820]有情有义又是有米无炊\r\n[03:27.250]时间改变了很多也什么都没有\r\n[03:33.250]让我再次拥抱你 郑州', 228),
(48, '忽然', 5, 'http://127.0.0.1/mp3/lizhi/201009/4.mp3', '[00:02.000]忽然就流出泪来，忽然想要听到她的声音\r\n[00:09.140]而我却什么话都说不出来\r\n[00:14.490]\r\n[00:14.870]是谁在温暖你，有谁会让我觉得这夜晚还有期盼\r\n[00:24.180]我就会跟着它去远行\r\n[00:27.950]\r\n[00:39.300]可是你在哪里，可是明天醒来的第一脸阳光\r\n[00:47.180]是否，会像梦里一样明亮\r\n[00:52.800]幻想朝西的生活\r\n[00:55.110]幻想着你被害怕定格的角落\r\n[00:59.390]最后，我一个人越走越孤单\r\n[01:04.620]\r\n[01:04.989]幻想朝西的生活\r\n[01:07.900]幻想着你被灯光伤感了寂寞\r\n[01:11.990]最后，你一个人越走越孤单\r\n[01:17.450]害怕朝西的生活\r\n[01:20.770]害怕着你被灯光伤感了寂寞\r\n[01:24.960]最后，我们就越走越孤单', 126),
(49, '秋天的老狼', 5, 'http://127.0.0.1/mp3/lizhi/201009/5.mp3', '[00:25.950]夜，浓雾渐升\r\n[00:32.549]越来越遥远，城市的灯\r\n[00:39.200]一个人，冰冷的嘴唇\r\n[00:45.780]远处传来谁的哭声\r\n[00:50.690]\r\n[00:52.500]嗨，这秋天的早晨\r\n[00:57.880]有多少瞬间，有多少悔恨\r\n[01:05.390]\r\n[01:30.550]她，究竟是谁\r\n[01:37.740]为何是我们之间的堡垒\r\n[01:44.300]我的爱，是什么颜色\r\n[01:51.600]我和你又会成为什么颜色\r\n[01:55.550]\r\n[01:56.900]走吧，走到铁桥的对面\r\n[02:02.580]那里有我们过去的纯真\r\n[02:09.889]啦~~~啦~~~\r\n[02:15.959]啦~~~啦~~~\r\n[02:22.700]啦~~~啦~~~\r\n[02:28.609]啦~~~啦~~~', 239),
(50, '带亲', 5, 'http://127.0.0.1/mp3/lizhi/201009/6.mp3', '[00:30.01]表妹，你给我写信的时候我正在昆明\r\n[00:37.10]正在等待高原的阳光\r\n[00:44.24]从来没有想过你曾经的生活\r\n[00:51.43]会在今天晚上超越了我\r\n[00:59.14]你是否已经去过黄昏的海边\r\n[01:06.57]在荒野和暖风里把自己谋杀\r\n[01:11.00]\r\n[01:13.50]原谅我吧表妹，爱人她在南京\r\n[01:20.52]在那张传统的床上想我\r\n[01:28.14]我用剩余的时间拼命安慰我自己\r\n[01:35.64]却又心甘情愿地失去了她\r\n[01:43.00]寂静隐约传来，像高原上的芬芳\r\n[01:50.01]这芬芳让我无法对她去歌唱\r\n[01:55.12]\r\n[01:57.17]如果你感到被伤害，快乐总是不存在\r\n[02:04.32]人们总是忽慢忽快地离开\r\n[02:11.16]那就出发吧，穿上那件黑衬衫\r\n[02:19.46]我想夜是个成熟的女人\r\n[02:26.16]糜烂的心，飘了很远', 224),
(51, '她', 5, 'http://127.0.0.1/mp3/lizhi/201009/7.mp3', '[00:36.39]她睁着朦胧的眼睛，带着疲惫慢慢地靠近\r\n[00:41.27]她的微笑她的味道，从身体里发出暗淡的光\r\n[00:51.16]她陷入怀疑的恐惧，对着镜子假装在哭泣\r\n[00:56.59]她的疯狂她的迷茫，她说现在她还不太想，被他们慢慢地忘掉\r\n[01:06.17]嘞嘞嘞……她要在阳光下，拼命地奔跑\r\n[01:18.35]嘞嘞嘞……她要在空虚里，拼命地舞蹈\r\n[01:29.83]\r\n[01:55.33]她交替黑色的双腿，向着嘈杂虚无地喷发\r\n[02:01.41]她的明亮她的晴朗，把无知化解成无聊的笑\r\n[02:11.00]寂静从潮湿处涌来，在处女和荡妇间周转\r\n[02:17.00]她的分裂她的错觉，她说不如从现在开始，像苹果一样地烂掉\r\n[02:26.99]嘞嘞嘞……她要在阳光下，拼命地奔跑\r\n[02:39.00]嘞嘞嘞……她要在恐惧里，拼命地舞蹈\r\n[02:51.16]嘞嘞嘞……她要在阳光下，拼命地奔跑\r\n[03:03.10]嘞嘞嘞……她要在迷惑里，拼命地舞蹈', 250),
(52, '路（李志、邵夷贝）', 5, 'http://127.0.0.1/mp3/lizhi/201009/8.mp3', '[00:00.28]花儿在路上等着我\r\n[00:06.00]燕子拥抱着穿行\r\n[00:10.27]有些梦会生长\r\n[00:15.26]就像在窗台，晕眩的光线\r\n[00:22.83]背影里的你，是低音连连\r\n[00:30.58]一阵风掠过我的心\r\n[00:37.10]和你遥远的心情\r\n[00:41.40]湖面如此平静\r\n[00:46.41]是谁在天空，画出你的脸\r\n[00:54.02]时间像玻璃，刺痛我双眼\r\n[01:17.00]让我们继续，越来越遥远\r\n[01:25.82]用思念把回忆，推向黑暗\r\n[01:34.42]星星又点亮了寂寞\r\n[01:40.09]我看着我自己\r\n[01:44.13]仿佛又看见你', 141),
(53, '夜', 5, 'http://127.0.0.1/mp3/lizhi/201009/9.mp3', '[00:18.00]夜色太暗了，快回家吧\r\n[00:25.46]别让她为你担心呀\r\n[04:14.08][00:34.20]别像我错失了爱情\r\n[04:22.36][00:43.13]一个人一夜夜伤心\r\n[02:21.19][01:26.19]噜~~~嘞~~~~\r\n[03:57.00]夜色太暗了，快带我回家吧\r\n[04:04.84]别让她一个人伤心呀', 275),
(54, '铅笔(吉松浩版)', 5, 'http://127.0.0.1/mp3/lizhi/201009/10.mp3', '[00:18.350]什么时候要忘记你，什么时候就想念你\r\n[00:25.380]什么时候握住龟头抚摸胸口\r\n[00:35.190]什么时候遇见你，什么时候失去你\r\n[00:42.530]我就像喝多了酒，十八岁的忧愁\r\n[00:52.030]你还在笼罩我，你的名字还在纠结我\r\n[01:09.280]我只是一个人，我的歌里全都是你\r\n[01:27.870]点燃这根香烟吧，点燃这个夜晚吧\r\n[01:35.140]我无所谓，开心或是伤悲\r\n[01:44.300]屋顶晴朗的早晨，触手可及的距离\r\n[01:52.110]他们告诉我，梦也是秘密\r\n[02:01.660]你还在改变我，你的歌声还在温暖我\r\n[02:18.340]我只能一个人，我的明天早就给了你\r\n[03:10.200]谁能够停止我，谁的声音能够拯救我\r\n[03:26.550]谁试图靠近你，谁的声音已经改变你\r\n[03:43.600]喝完你留下的酒，喝完你给的命运\r\n[03:51.020]我抬起头，秋天已经来临', 279),
(55, '寻找', 6, 'http://127.0.0.1/mp3/lizhi/201109/1.mp3', '[00:20.80]我在恶心的世界里，寻找一个像你的人\r\n[00:28.160]在每个想你的夏天里，等另一种感情\r\n[00:36.890]我在失败的生活里，寻找一个爱我的人\r\n[00:44.980]我的悲伤，浪漫和幻想，不对她说起\r\n[00:53.980]我再也不会把自己，愚蠢的交给过去\r\n[01:02.50]我的生活和我的想法，从此相隔了万里\r\n[01:10.900]我整夜整夜地失眠，不是为了和谁再相见\r\n[01:18.910]曾经爱你的每一条街\r\n[01:23.90]是我新鲜生活的起点\r\n[01:40.80]我在陌生的感动里，寻找一个像你的人\r\n[01:48.229]就算像过去一样被误解，不快乐又如何\r\n[01:56.840]我在干裂的春天里，寻找一个平凡的人\r\n[02:05.40]她的善良，甜蜜和阳光，陪伴我自己\r\n[02:13.990]我再也不会把自己，彻底的交给一个人\r\n[02:22.110]我的理想就像这黑夜，一分一秒的断裂\r\n[02:30.750]我一天一天地发呆，不是为了酝酿些什么\r\n[02:38.870]真情早已经被他们毁灭\r\n[02:43.90]还有什么不能去拒绝\r\n[03:13.760]是否你也在沉默里，寻找一个像我的人\r\n[03:21.850]在每个想我的季节里，和他们在一起', 225),
(56, '尽头', 6, 'http://127.0.0.1/mp3/lizhi/201109/2.mp3', '[00:46.610]路的尽头是湖\r\n[00:54.480]湖的尽头是你\r\n[01:01.770]你的尽头有一个人看着我\r\n[01:10.410]说：明天，一起下葬\r\n[01:17.480]生的尽头是爱\r\n[01:24.630]爱的尽头是船\r\n[01:32.060]船的尽头有一片云围绕我，\r\n[01:40.000]说：来吧，一起下葬\r\n[01:46.330]莫名其妙的情绪从山顶上飘过来\r\n[01:54.780]飞也飞不出的包围对我说：\r\n[02:00.860]一起下葬……\r\n[03:04.930]莫名其妙的情绪从山顶上飘过来\r\n[03:16.700]飞也飞不出的包围对我说：\r\n[03:22.670]死亡和我的梦想曾经如此的接近\r\n[03:31.400]三十三年的挣脱脱不了\r\n[03:37.970]如何是好……', 274),
(57, '门', 6, 'http://127.0.0.1/mp3/lizhi/201109/3.mp3', '[01:20.620]总在这种时候，感觉自己已经飞的太远\r\n[01:28.620]路灯全都灭了，不能破坏别人的幸福\r\n[01:36.550]从没见过的细胞，睡衣和行星\r\n[01:44.600]还有趴在玻璃上的灵魂\r\n[01:52.890]它让我的心凉了又热了\r\n[01:59.700]它说生生死死的爱恋又能如何\r\n[02:07.200]相信吧，相信我们曾经恐惧的一切\r\n[02:15.260]相信吧，门开了\r\n[02:21.0]相信吧，相信我们曾经无奈的岁月\r\n[02:29.360]门开了，它来了\r\n[03:08.890]有时欣喜若狂，有时感觉不到生长\r\n[03:16.640]黑暗里的秘密，你天生的美丽\r\n[03:25.700]孤独来自脆弱的敏感\r\n[03:33.120]敏感无法把美丽看穿\r\n[03:39.790]相信吧，相信轰轰烈烈是你的未来\r\n[03:47.260]相信吧，门开了\r\n[03:53.300]相信吧，相信反反复复是我们情怀\r\n[04:01.230]门开了，它来了', 387),
(58, '下雨', 6, 'http://127.0.0.1/mp3/lizhi/201109/4.mp3', '[00:00.000]李志 - 下雨\r\n[00:20.649]作詞：李志\r\n[00:22.649]作曲：李志\r\n[00:28.649]下起了雨，你感到冷吗\r\n[00:35.520]看到窗前迷人的黑色吗\r\n[00:41.540]忧伤的人，忧伤都写在脸上\r\n[00:48.298]忧伤只是为了说谎\r\n[00:54.450]还是搞不懂，岁岁年年为了什么\r\n[01:00.648]上帝他死了，不能把你悄悄带走\r\n[01:07.050]年轻的坟墓不在一起\r\n[01:16.708]下起了雨，慌乱中爬过的蚂蚁\r\n[01:23.510]它的鼻子在寻找谁的气息\r\n[01:29.458]四季轮替，你觉得累吗\r\n[01:36.330]面对黃昏你还有信心吗\r\n[01:42.200]还是搞不懂，忙忙碌碌为了什么\r\n[01:48.630]什么都别说，重复是你最好的选择\r\n[01:55.458]选择颠覆盛世的荒唐\r\n[02:52.729]无所事事，你站在雨里\r\n[02:59.430]闭上眼睛也感觉不到力气\r\n[03:05.610]不能忘记，不能忘乎所以\r\n[03:12.319]不能继续就这样沉下去\r\n[03:18.309]Hello kitty，hello hello hello kitty\r\n[03:24.610]Hello kitty，hello hello hello kitty\r\n[03:31.040]Hello你麻痹的kitty\r\n[03:37.479]下起了雨，在你的心里\r\n[03:43.830]下起了雨，在你的怀里\r\n[03:50.290]下起了雨，在你的眼里\r\n[03:56.688]下起了雨，在你的心里\r\n[04:03.019]下起了雨……\r\n[04:16.729]下起了雨……', 307),
(59, '山阴路的夏天', 6, 'http://127.0.0.1/mp3/lizhi/201109/5.mp3', '[00:29.400]这次你离开了没有像以前那样说再见\r\n[00:34.979]再见也他妈的只是再见\r\n[00:40.169]我们之间从来没有想象的那么接近\r\n[00:46.690]只是两棵树的距离\r\n[00:51.890]你是否还记得山阴路我八楼的房间\r\n[00:57.990]房间里唱歌的日日夜夜\r\n[01:03.990]那么热的夏天你看着外面\r\n[01:08.110]看着你在消逝的容颜\r\n[01:14.890]我多么想念你走在我身边的样子\r\n[01:19.159]想起来我的爱就不能停止\r\n[01:24.879]南京的雨不停地下不停地下\r\n[01:30.679]就像你沉默的委屈\r\n[01:59.700]一转眼，我们的城市又到了夏天\r\n[02:04.649]对面走来的人都眯着眼\r\n[02:09.899]人们不敢说话不敢停下脚步\r\n[02:16.200]因为心动常常带来危险\r\n[02:21.399]我多么想念你走在我身边的样子\r\n[02:26.670]想起来我的爱就不能停止\r\n[02:33.200]南京的雨不停地下不停地下\r\n[02:38.228]有些人却注定要相遇\r\n[02:44.390]你是一片光荣的叶子落在我卑贱的心\r\n[02:55.990]像往常一样我为自己生气并且歌唱\r\n[03:00.539]那么乏力，爱也吹不动的叶子', 278),
(60, '神', 6, 'http://127.0.0.1/mp3/lizhi/201109/6.mp3', '', 300),
(61, '你的早晨', 6, 'http://127.0.0.1/mp3/lizhi/201109/7.mp3', '[00:33.580]你说你疲倦了，又不想上班了\r\n[00:37.450]看什么都觉得恶心\r\n[00:40.760]外面灿烂的阳光和你无关\r\n[00:49.510]醒了又睡过去，睡了又醒过来\r\n[00:53.510]哪个是真哪个是假\r\n[00:56.700]哪个是春风，哪个是黄沙\r\n[01:04.870]一个喷嚏把灰尘吹向不高不低不冷的早晨\r\n[01:12.760]就好像有无数人在跳舞\r\n[01:20.720]一段时光把我们拉到不远不近不悔的距离\r\n[01:28.670]就好像一切发生在小说里\r\n[02:09.590]香烟又抽完了，无聊还有一点\r\n[02:13.460]电视里有人在伤心\r\n[02:16.710]看着过去的照片无动于衷\r\n[02:25.610]波波你不喜欢，未未也不喜欢\r\n[02:29.500]难道就这样跑出来\r\n[02:32.710]你就不怕他们看着你发呆\r\n[02:40.770]好吧朋友，选择吧\r\n[02:44.540]反正你有一双强硬的双手\r\n[02:48.720]反正你从来不会被别人左右\r\n[02:56.770]是的朋友，很抱歉\r\n[03:00.780]不能陪你无止无休的无耻\r\n[03:04.870]我还要去等待下一个意外', 248),
(62, '杭州', 6, 'http://127.0.0.1/mp3/lizhi/201109/8.mp3', '[00:40.56]就像是一场战争\r\n[00:41.89]现在需要大雨浇灭理性\r\n[00:44.83]谁也无法逃脱\r\n[00:46.64]或是减少伤亡\r\n[00:51.35]黄楼里有个男人在弹钢琴\r\n[00:54.50]身边的少女偷情\r\n[00:56.32]一杯长岛下肚\r\n[00:58.06]转身跳进西湖\r\n[01:02.76]找也找不到九六年的痕迹\r\n[01:10.76]忘也忘不了武林门的回忆\r\n[01:17.82]为何在慌乱中冲进这城市把一切打乱\r\n[01:25.76]是月亮 是清泉 是前年的犹豫\r\n[02:02.20]错过是一个错误\r\n[02:03.81]寻找是一个错误\r\n[02:05.67]重塑是一个错误\r\n[02:07.52]醒了才发现没有退路\r\n[02:13.25]掏出你左手的手枪\r\n[02:15.76]右手的菜刀\r\n[02:17.66]中间的凶器\r\n[02:20.11]壮烈的向我开炮\r\n[02:24.96]灰飞烟灭的是我的灵魂\r\n[02:32.64]藕断丝连的是这座城池\r\n[02:39.71]家骏求求你\r\n[02:41.40]在美丽的义乌等我\r\n[02:47.71]为黑嫂 为桃花 为那盆炭火\r\n[02:55.02]让我查一下谷歌地图北仑怎么走\r\n[03:02.90]去看你 去爱你 再悄悄离去', 238),
(63, '日', 6, 'http://127.0.0.1/mp3/lizhi/201109/9.mp3', '[00:56.280]天色要亮了，别回了\r\n[01:02.300]就让她随意寂寞吧\r\n[01:09.140]就像我无所谓爱情\r\n[01:16.420]一个人，一夜也开心\r\n[01:23.620]一个人，一夜也开心', 163),
(64, '大象', 7, 'http://127.0.0.1/mp3/lizhi/201411/1.mp3', '[00:00.00] 作曲 : 李志\r\n[00:01.00] 作词 : 李志\r\n[02:26.480]用那只缺角的身体\r\n[02:37.210]去偷袭眼前\r\n[02:43.250]这头午睡的大象\r\n[02:50.180]再假装\r\n[02:55.310]并没有发现\r\n[03:00.410]厚实的皮肤\r\n[03:07.190]能飞到树枝\r\n[03:11.520]它们理解的白天就是\r\n[03:14.270]此刻晃荡的海市蜃楼\r\n[03:17.290]升腾的空气里\r\n[03:19.330]没有绿草和刚刚学习飞翔的鸟\r\n[03:47.420]啤酒不该是眼泪\r\n[03:58.240]不该有颜色\r\n[04:04.230]夜晚也不平整\r\n[04:11.230]声音不该是美好\r\n[04:21.900]谁又会介意\r\n[04:28.260]只是表演缅怀怨念\r\n[04:32.360]环卫工人不喝啤酒\r\n[04:35.270]竹签无法继续勃起\r\n[04:38.290]肮脏消失在火焰和唾液中\r\n[04:41.550]破碎呐喊给天亮理由\r\n[04:44.370]突突闪光的公共汽车\r\n[04:47.260]催眠疲惫的福建老板\r\n[04:50.300]孩子们在千里之外\r\n[04:53.320]梦见一只瘸腿的大象', 327),
(65, '鼠说', 7, 'http://127.0.0.1/mp3/lizhi/201411/2.mp3', '[00:00.00] 作曲 : 李志\r\n[00:01.00] 作词 : 李志\r\n[00:48.34]隔壁的屋顶挡住了冬天的阳光\r\n[00:54.93]你在阴影里琢磨着其余的明亮\r\n[01:01.42]走过的行人都拥有相同的外套\r\n[01:08.08]谁是谁的名字并不重要\r\n[01:14.93]下水道里的伴侣用熟悉的声音\r\n[01:21.42]说着今天马路上发生的事\r\n[01:28.34]他们的头颅都抬得过高\r\n[01:34.94]总以为明天会变得很好\r\n[01:40.12]黄色的路灯是\r\n[01:47.04]饥饿的时候\r\n[01:48.47]让我们坐立不安\r\n[01:51.01]美味的饼干\r\n[01:53.46]黑色的马路是\r\n[02:00.34]竞争对手的公司\r\n[02:02.60]幸好他们睡的不太晚\r\n[02:34.95]我不太擅长用深情的话\r\n[02:41.70]描述此刻空空的冰冷饭桌\r\n[02:48.37]我已经穿过所有能穿过的洞\r\n[02:55.09]那些危险的东西不能带回来\r\n[03:01.56]趁那些酒鬼还没有呕吐\r\n[03:07.68]我要闭上眼打一个小盹\r\n[03:14.87]饥肠辘辘让我感到羞愧\r\n[03:21.59]想得太多也让我羞愧\r\n[03:27.11]就算你\r\n[03:30.37]用最好的水泥石灰\r\n[03:35.17]瓷砖木头面膜肥皂\r\n[03:37.71]保护你的卧室\r\n[03:40.34]我也会\r\n[03:43.68]拼尽力探索规划撕咬\r\n[03:49.11]哪怕最后只是\r\n[03:51.03]一颗小小米粒\r\n[03:53.57]你休想\r\n[03:57.03]杀尽我所有的兄弟姐妹\r\n[04:02.92]母亲老子\r\n[04:04.36]妻子孩子孙子\r\n[04:07.06]因为我\r\n[04:10.34]还可以输送无穷的液体\r\n[04:15.91]给这个那个和那个和这个\r\n[04:20.27]你这些人类', 317),
(66, '定西', 7, 'http://127.0.0.1/mp3/lizhi/201411/3.mp3', '[00:00.00] 作曲 : 李志\r\n[00:01.00] 作词 : 李志\r\n[00:34.180]这么多年你一个人一直在走\r\n[00:42.060]方向和天气的节奏会让你忧愁\r\n[00:50.300]你说你遇见了一大堆奇怪的人\r\n[00:58.430]他们看上去好像都比你开心\r\n[01:06.600]你能不能抽空替我去一个地方\r\n[01:14.770]据说那的人都擅长给别人答案\r\n[01:22.840]如果你想知道关于它的其他事情\r\n[01:30.520]我也不会给你刘堃的电话号码\r\n[01:39.130]多想和你一样臭不要脸\r\n[01:47.270]墨镜和表情都挂在脸上\r\n[01:55.390]穿什么吃什么玩什么都可以\r\n[02:03.480]今天爱他明天恨他也可以\r\n[02:44.190]这么多年我一个人一直在走\r\n[02:52.290]走过了人性的背后和白云苍狗\r\n[03:00.370]总以为答案会出现在下一个车站\r\n[03:08.480]随后的事情我不说你也能明白\r\n[03:16.570]悲伤是奢侈品我消受不起\r\n[03:24.860]快乐像噩梦总让人惊醒\r\n[03:32.980]你要哭吧就哭吧就随意吧\r\n[03:41.140]反正我早已习惯不去相信\r\n[03:49.180]悲伤是奢侈品我消受不起\r\n[03:57.420]快乐像噩梦一转眼惊醒\r\n[04:05.540]你要走吧就走吧就随意吧\r\n[04:13.720]反正我早已决定不再回去', 296),
(67, '看见', 7, 'http://127.0.0.1/mp3/lizhi/201411/4.mp3', '[00:00.00] 作曲 : 李志\r\n[00:01.00] 作词 : 李志\r\n[00:38.000]我看见\r\n[00:42.680]我看见一道阳光\r\n[00:47.160]越过楼顶照耀你的脸\r\n[00:56.800]我看见人们对着你笑\r\n[01:06.040]人情冷暖 你在笑\r\n[01:15.370]天空再暗 你也笑\r\n[01:24.530]我看见\r\n[01:29.050]我看见一个孩子\r\n[01:33.260]低着头走过我窗前\r\n[01:40.440]我看见头发悄悄生长\r\n[01:50.280]它在生长 她在笑\r\n[01:59.450]她在生长 他也笑\r\n[02:24.220]我看见\r\n[02:29.210]我看见有些人和周围\r\n[02:33.970]融合的很和谐\r\n[02:40.570]我看见有些人\r\n[02:42.860]孤独的很明显\r\n[02:49.910]除了时间 什么也没有\r\n[02:59.130]除了时间 我什么也不缺', 254),
(68, '不多', 7, 'http://127.0.0.1/mp3/lizhi/201411/5.mp3', '[00:00.00] 作曲 : 李志\r\n[00:01.00] 作词 : 李志\r\n[00:15.64]多多你不要哭\r\n[00:18.02]长大你就会清楚\r\n[00:22.21]这世界没有人\r\n[00:25.46]对你真的在乎\r\n[00:29.16]多多你不要怕\r\n[00:31.61]我不会逼你学吉他\r\n[00:36.03]你是你我是我\r\n[00:39.16]各有各的想法\r\n[00:43.47]不久以后的某天\r\n[00:45.94]我就这样的老了\r\n[00:49.31]你不用装作多么的难过\r\n[00:55.92]你是你我是我\r\n[00:59.68]谁都难免会孤独\r\n[01:03.14]你是你我是我\r\n[01:06.60]谁都难免会寂寞\r\n[01:37.66]多多你别问我\r\n[01:40.18]生活到底是什么\r\n[01:44.30]他们人类没道理\r\n[01:47.63]我不懂的太多\r\n[01:51.41]多多你别害怕\r\n[01:53.89]如果你真的爱上他\r\n[01:58.07]用真心用真情\r\n[02:01.27]别管以后的结果\r\n[02:05.32]必然有那么一天\r\n[02:08.15]你就突然离开我\r\n[02:11.72]你不要装作多么的眷恋\r\n[02:18.50]你走吧你笑吧\r\n[02:22.22]你找寻你自己吧\r\n[02:25.43]你走吧你笑吧\r\n[02:28.90]你找寻你自己吧\r\n[03:00.49]也许不久的某天\r\n[03:03.10]我突然就离开你\r\n[03:06.45]你不要装作多么的眷恋\r\n[03:13.59]你走吧你笑吧\r\n[03:16.95]你找寻你自己吧\r\n[03:20.34]你走吧你笑吧\r\n[03:23.78]你找寻你自己吧\r\n[03:27.21]你走吧你笑吧\r\n[03:30.59]你找寻你自己吧\r\n[03:34.07]你走吧你笑吧\r\n[03:37.41]你找寻你自己吧', 237),
(69, '热河', 7, 'http://127.0.0.1/mp3/lizhi/201411/6.mp3', '[00:00.00] 作曲 : 李志\r\n[00:01.00] 作词 : 李志\r\n[00:38.990]热河路就像\r\n[00:41.070]八十年代的金坛县\r\n[00:47.190]梧桐垃圾灰尘\r\n[00:51.010]和各式各样的杂货店\r\n[00:56.590]人们总是早早的离开\r\n[01:00.020]拉上卷帘门\r\n[01:05.440]在天黑前穿上毛衣\r\n[01:08.970]点一根烟\r\n[01:14.310]热河路有一家\r\n[01:16.210]开了好多年的理发店\r\n[01:23.210]不管剪什么样的发型\r\n[01:26.700]你只要付五块钱\r\n[01:32.050]老板和她的妹妹坐在椅子上\r\n[01:36.230]对着镜子一言不发\r\n[01:40.880]他们的老家\r\n[01:42.490]在身后在岸边在安徽全椒县\r\n[01:49.610]没有人在热河路谈恋爱\r\n[01:58.430]总有人在天亮时伤感\r\n[02:06.680]如果年轻时你没来过热河路\r\n[02:15.740]那你现在的生活是不是很幸福\r\n[03:01.010]纪念碑旁\r\n[03:02.500]有一家破旧的电影院\r\n[03:09.750]往北走五百米\r\n[03:12.400]就是南京火车西站\r\n[03:18.630]每天都有外地人\r\n[03:21.490]在直线和曲线之间迷路\r\n[03:27.970]气喘嘘嘘眼泪模糊\r\n[03:30.730]奔跑跌倒奔跑\r\n[03:36.780]秋林龙虾换了新的地方\r\n[03:40.180]32路还是穿过挹江门\r\n[03:44.630]高架桥拆了修了新的隧道\r\n[03:48.010]走来走去走不出我的盐仓桥\r\n[03:54.500]来到城市已经八百九十六天\r\n[03:58.920]热河路一直是相同的容颜\r\n[04:03.360]偶尔有干净的潘西路过\r\n[04:06.680]她不会说你好再见\r\n[04:11.950]没有人在热河路谈恋爱\r\n[04:21.000]总有人在天黑时伤感\r\n[04:29.090]如果年轻时你来过热河路\r\n[04:37.850]那你现在是不是已经被他们淹没\r\n[04:47.460]没有新的衣服能让你爱恋\r\n[04:56.470]总有一种天气让我怀念\r\n[05:04.510]醒来或者吃饱又是一年\r\n[05:13.830]相遇然后分别就在一天', 407),
(70, '好威武支持有希望', 7, 'http://127.0.0.1/mp3/lizhi/201411/7.mp3', '[00:20.649]作詞：李志\r\n[00:22.649]作曲：李志\r\n[01:36.100]没有人会相信你在搞什么\r\n[01:45.100]因为你不在乎我们要什么\r\n[01:53.100]你说你最优秀\r\n[01:57.100]你说你最先进\r\n[02:01.100]老子转过身 哈 哈 哈\r\n[02:08.100]没有人会相信你在搞什么\r\n[02:16.100]因为你不在乎我们要什么\r\n[02:25.100]你说你最伟大\r\n[02:29.100]你说你最光荣\r\n[02:33.100]老子转过身 哈 哈 哈\r\n[04:00.100]没有人会相信你在搞什么\r\n[04:08.100]因为你不在乎我们要什么\r\n[04:17.100]你说你最优秀\r\n[04:21.100]你说你最先进…\r\n[04:25.100]老子转过身 哈 哈 哈\r\n[04:32.100]没有人会相信你在搞什么\r\n[04:40.100]因为你不在乎我们要什么\r\n[04:49.100]你说你最伟大\r\n[04:53.100]你说你最光荣\r\n[04:57.100]老子转过身 哈 哈 哈', 360),
(71, '方式', 7, 'http://127.0.0.1/mp3/lizhi/201411/8.mp3', '[00:00.00] 作曲 : 李志\r\n[00:01.00] 作词 : 李志\r\n[00:42.45]我只有在睡着的时候\r\n[00:46.61]才能感觉还活着\r\n[00:51.46]总是在你不在的时候\r\n[00:56.75]切肤之痛般爱你\r\n[01:01.97]如果明天换一种方式那是什么\r\n[01:12.17]如果方式解不开谜团又是什么\r\n[01:22.45]我真的看见微弱的光在前面\r\n[01:29.13]没有骗你\r\n[01:32.68]这是我坚信悲剧的起源\r\n[01:37.83]而悲剧也可以快乐\r\n[01:43.00]这种状态其实一直隐约存在\r\n[01:49.13]没有骗你\r\n[01:53.15]就算是将来也是存在\r\n[01:58.02]它是生活的本源\r\n[02:03.89]我可以在睡着的时候\r\n[02:08.27]假装又死了几次\r\n[02:13.57]而你体会不到爱\r\n[02:17.50]线条般的感官\r\n[02:23.83]他们卖掉牛和小麦\r\n[02:28.57]张嘴呼吸空气\r\n[02:33.60]白头翁飞过拖拉机\r\n[02:39.07]生锈地祈求', 246),
(72, '歌声与微笑', 8, 'http://127.0.0.1/mp3/lizhi/201610/1.mp3', '[00:14.320]请把我的歌带回你的家\r\n[00:21.540]请把你的微笑留下\r\n[00:28.320]请把我的歌带回你的家\r\n[00:34.980]请把你的微笑留下\r\n[00:41.530]明天明天这歌声\r\n[00:45.010]飞遍海角天涯，飞遍海角天涯\r\n[00:55.100]明天明天这微笑\r\n[00:58.420]将是遍野春花，将是遍野春花\r\n[01:08.540]请把我的歌带回你的家\r\n[01:14.630]请把你的微笑留下\r\n[01:21.650]请把我的歌带回你的家\r\n[01:28.460]请把你的微笑留下\r\n[02:03.140]明天明天这歌声\r\n[02:05.940]飞遍海角天涯，飞遍海角天涯\r\n[02:15.890]明天明天这微笑\r\n[02:19.180]将是遍野春花，将是遍野春花\r\n[02:29.590]明天明天这歌声\r\n[02:32.990]飞遍海角天涯，飞遍海角天涯\r\n[02:42.590]明天明天这微笑\r\n[02:46.480]将是遍野春花，将是遍野春花', 190),
(73, '蜗牛与黄鹂鸟', 8, 'http://127.0.0.1/mp3/lizhi/201610/2.mp3', '[00:11.55]阿门阿前一棵葡萄树\r\n[00:16.87]阿嫩阿嫩绿地刚发芽\r\n[00:22.51]蜗牛背着那重重的壳呀\r\n[00:25.48]一步一步地往上爬\r\n[00:31.07]阿树阿上两只黄鹂鸟\r\n[00:36.60]阿嘻阿嘻哈哈在笑它\r\n[00:42.13]葡萄成熟还早地很哪\r\n[00:45.16]现在上来做什么\r\n[00:49.23]阿黄阿黄鹂儿不要笑\r\n[00:51.80]等我爬上它就成熟了\r\n[01:20.37]阿门阿前一棵葡萄树\r\n[01:26.04]阿嫩阿嫩绿地刚发芽\r\n[01:31.51]蜗牛背著那重重的壳呀\r\n[01:34.77]一步一步地往上爬\r\n[01:37.41]阿树阿上两只黄鹂鸟\r\n[01:45.60]阿嘻阿嘻哈哈在笑它\r\n[01:51.35]葡萄成熟还早地很哪\r\n[01:54.43]现在上来做什么\r\n[01:58.68]阿黄阿黄鹂儿不要笑\r\n[02:01.20]等我爬上它就成熟了', 155),
(74, '兰花草', 8, 'http://127.0.0.1/mp3/lizhi/201610/3.mp3', '[00:28.80]我从山中来 带着兰花草\r\n[00:33.24]种在小园中 希望花开早\r\n[00:38.03]一日看三回 看得花时过\r\n[00:42.81]兰花却依然 苞也无一个\r\n[01:07.05]转眼秋天到 移兰入暖房\r\n[01:11.65]朝朝频顾惜 夜夜不相忘\r\n[01:16.56]但愿春花开 能将宿愿偿\r\n[01:21.16]满庭花簇簇 添得许多香', 164),
(75, '数鸭子', 8, 'http://127.0.0.1/mp3/lizhi/201610/4.mp3', '[00:15.660]门前大桥下游过一群鸭\r\n[00:19.470]快来快来数一数\r\n[00:21.420]二四六七八\r\n[00:23.330]嘎嘎嘎嘎真呀真多鸭\r\n[00:27.220]数不清到底多少鸭\r\n[00:31.100]数不清到底多少鸭\r\n[00:37.090]赶鸭老爷爷胡子白花花\r\n[00:41.010]唱呀唱着家乡戏还会说笑话\r\n[00:44.800]小孩小孩快快上学校\r\n[00:48.730]别考个鸭蛋抱回家\r\n[00:52.610]别考个鸭蛋抱回家\r\n[01:12.410]门前大桥下游过一群鸭\r\n[01:16.060]快来快来数一数\r\n[01:18.100]二四六七八\r\n[01:19.940]嘎嘎嘎嘎真呀真多鸭\r\n[01:23.900]数不清到底多少鸭\r\n[01:27.730]数不清到底多少鸭\r\n[01:33.980]赶鸭老爷爷胡子白花花\r\n[01:37.510]唱呀唱着家乡戏还会说笑话\r\n[01:41.440]小孩小孩快快上学校\r\n[01:45.300]别考个鸭蛋抱回家\r\n[01:49.220]别考个鸭蛋抱回家', 135),
(76, '朋友越多越快乐', 8, 'http://127.0.0.1/mp3/lizhi/201610/5.mp3', '[00:15.620]一只小鸟树上落\r\n[00:19.460]叽叽喳喳对我唱起歌\r\n[00:23.390]小鸟小鸟你们唱什么\r\n[00:27.250]噢 朋友越多越快乐越快乐\r\n[00:32.200]一群小鸭下了河\r\n[00:36.050]呷呷呷呷对我把笑呵呵\r\n[00:39.960]小鸭小鸭你们笑什么\r\n[00:43.890]噢 朋友越多越快乐越快乐\r\n[00:48.790]一群小羊在山坡\r\n[00:52.770]咩咩咩咩对我把话说\r\n[00:56.520]小羊小羊你们说什么\r\n[01:00.480]噢 朋友越多越快乐越快乐\r\n[01:20.890]一只小鸟树上落\r\n[01:24.850]叽叽喳喳对我唱起歌\r\n[01:28.740]小鸟小鸟你们唱什么\r\n[01:32.660]噢 朋友越多越快乐越快乐\r\n[01:37.580]一群小鸭下了河\r\n[01:41.450]呷呷呷呷对我把笑呵呵\r\n[01:45.330]小鸭小鸭你们笑什么\r\n[01:49.330]噢 朋友越多越快乐越快乐\r\n[01:54.180]一群小羊在山坡\r\n[01:57.970]咩咩咩咩对我把话说\r\n[02:01.920]小羊小羊你们说什么\r\n[02:05.890]噢 朋友越多越快乐越快乐', 142),
(77, 'Hey Jude', 8, 'http://127.0.0.1/mp3/lizhi/201610/6.mp3', '', 264),
(78, '采蘑菇的小姑娘', 8, 'http://127.0.0.1/mp3/lizhi/201610/7.mp3', '[00:08.750]采蘑菇的小姑娘\r\n[00:11.490]背着一个大竹筐\r\n[00:14.240]清早光着小脚丫\r\n[00:17.170]走遍森林和山冈\r\n[00:20.040]她采的蘑菇最多\r\n[00:22.750]多得像那星星数不清\r\n[00:25.570]她采的蘑菇最大\r\n[00:28.200]大得像那小伞装满筐\r\n[00:34.190]哩哩哩哩哩哩哩哩哩哩哩哩哩哩~\r\n[00:36.860]哩哩哩哩哩哩哩哩哩哩哩哩哩哩~\r\n[00:39.730]哩哩哩哩哩哩哩哩哩哩哩哩哩哩~\r\n[00:53.960]谁不知山里的蘑菇香\r\n[00:56.640]她却不肯尝一尝\r\n[00:59.480]盼到赶集的那一天\r\n[01:02.320]赶快背到集市上\r\n[01:05.160]换上一把小镰刀\r\n[01:07.980]再换上几个棒棒糖\r\n[01:10.820]和那小伙伴一起\r\n[01:13.590]把劳动的幸福来分享\r\n[01:19.290]哩哩哩哩哩哩哩哩哩哩哩哩哩哩……', 133),
(79, '小螺号', 8, 'http://127.0.0.1/mp3/lizhi/201610/8.mp3', '[00:23.390]小螺号滴滴地吹\r\n[00:27.300]海鸥听了展翅飞\r\n[00:30.890]小螺号滴滴地吹\r\n[00:34.840]浪花听了笑微微\r\n[00:38.670]小螺号滴滴滴吹\r\n[00:42.440]声声唤船归喽\r\n[00:46.550]小螺号滴滴地吹\r\n[00:50.480]阿爸听了快快回喽\r\n[00:54.280]茫茫的海滩\r\n[01:00.000]蓝蓝的海水\r\n[01:04.450]吹起了螺号\r\n[01:11.300]心里美哟\r\n[01:33.070]小螺号滴滴地吹\r\n[01:36.730]海鸥听了展翅飞\r\n[01:40.730]小螺号滴滴地吹\r\n[01:44.390]浪花听了笑微微\r\n[01:48.730]小螺号滴滴地吹\r\n[01:52.120]声声唤船归喽\r\n[01:56.180]小螺号滴滴地吹\r\n[01:59.950]阿爸听了快快回\r\n[02:04.260]茫茫的海滩\r\n[02:09.670]蓝蓝的海水\r\n[02:15.380]吹起了螺号\r\n[02:21.100]心里美哟\r\n[02:27.190]茫茫的海滩\r\n[02:32.930]蓝蓝的海水\r\n[02:38.780]吹起了螺号\r\n[02:44.370]心里美哟', 211),
(80, '送别', 8, 'http://127.0.0.1/mp3/lizhi/201610/9.mp3', '[00:07.270]长亭外古道边\r\n[00:13.950]芳草碧连天\r\n[00:20.790]晚风扶柳笛声残\r\n[00:27.650]夕阳山外山\r\n[00:34.610]天之涯地之角\r\n[00:41.310]知交半零落\r\n[00:48.310]一壶浊酒尽余欢\r\n[00:55.110]今宵别梦寒\r\n[01:26.110]长亭外古道边\r\n[01:32.850]芳草碧连天\r\n[01:39.750]晚风扶柳笛声残\r\n[01:46.550]夕阳山外山\r\n[01:53.280]天之涯地之角\r\n[02:00.230]知交半零落\r\n[02:07.190]一壶浊酒尽余欢\r\n[02:14.030]今宵别梦寒\r\n[02:20.710]天之崖地之角\r\n[02:27.740]知交半零落\r\n[02:34.590]一瓢浊酒尽余欢\r\n[02:41.580]今宵别梦寒\r\n[02:48.340]今宵别梦寒', 203),
(81, '在每一条伤心的应天大街', 9, 'http://127.0.0.1/mp3/lizhi/201611/1.mp3', '', 430),
(82, '一头偶像', 9, 'http://127.0.0.1/mp3/lizhi/201611/2.mp3', '[00:00.00] 作曲 : 李志\r\n[00:01.00] 作词 : 李志\r\n[00:36.100]这一天，你能控制你的身体\r\n[00:41.590]用睡眠把牙痛和伤感抹去\r\n[00:48.000]清晨五点，你要走出你的房间\r\n[00:54.430]一只懵懂的麻雀把你搅乱\r\n[01:01.580]一条腿，一只眼睛瞎了\r\n[01:07.390]一根烟的燃烧让你饿了\r\n[01:13.620]能去哪里，该去哪里\r\n[01:19.980]错乱的脚步仿佛是一只草狗\r\n[01:26.630]他们看你，他们看着伟大的你\r\n[01:32.600]脱离时代的眼神像一幅画\r\n[01:39.220]不能依恋，哪怕前面雾水连绵\r\n[01:45.240]该走下去、能顶过去不是吗\r\n[01:59.210]一阵风，一片树叶黄了\r\n[02:04.870]一碗面的味道让你饿了\r\n[02:11.120]车来车往，孩子们看起来很忙\r\n[02:17.580]叽叽喳喳的好像把一切拥有\r\n[02:24.000]他们看你，他们看着陌生的你\r\n[02:30.260]略带嫌弃的眼神像一幅画\r\n[02:36.850]不能逗留，你是他们眼中的狗\r\n[02:43.130]不能破坏，不能重来不是吗\r\n[02:49.730]他们看你，他们看着陌生的你\r\n[02:55.800]略带嫌弃的眼神像一幅画\r\n[03:02.490]不能逗留，你是人间平凡的狗\r\n[03:08.570]该走下去、能顶过去不是吗', 223),
(83, '克兰河', 9, 'http://127.0.0.1/mp3/lizhi/201611/3.mp3', '[00:00.00] 作曲 : 李志\r\n[00:01.00] 作词 : 李志\r\n[00:28.68]我从一场噩梦醒来\r\n[00:32.07]感觉你模糊的影子在窗头\r\n[00:39.88]抓也抓不住\r\n[00:49.37]拿起一堆破碎的石头\r\n[00:52.44]画出每个时期你的笑容\r\n[01:00.46]只有黑白\r\n[01:08.61]河流有时快有时慢\r\n[01:22.16]生活有人恨有人爱\r\n[01:57.83]墙上爬过一只蜘蛛\r\n[02:01.21]在十一点十八分的寂静上午\r\n[02:09.24]屋子南偏西\r\n[02:18.57]我经常在这个时间\r\n[02:21.83]经历意料之中的台风和雾霾\r\n[02:29.50]霜降或端午\r\n[02:37.86]然后你笑了就飞了\r\n[02:51.47]然后你醒了就老了\r\n[04:00.91]（嘿……）', 360),
(84, '死人', 9, 'http://127.0.0.1/mp3/lizhi/201611/4.mp3', '[00:00.00] 作曲 : 李志\r\n[00:01.00] 作词 : 李志\r\n[00:38.56]我们是一座桥\r\n[00:46.44]被人拆了墩\r\n[00:53.94]你一跃而起，溶进这水里\r\n[01:01.69]拼凑倒影的痕迹\r\n[01:08.74]忏悔吧缺德的人\r\n[01:16.34]别怪我把所有都怪罪于你\r\n[01:24.06]谁让你沉默，不懂得表演\r\n[01:30.99]谁让我与生懦弱\r\n[01:39.09]我们是三个黑点\r\n[01:46.51]连成一碗面\r\n[01:54.05]我努力计算，怎样最大\r\n[02:01.38]却面临更大的外围\r\n[02:39.70]我们是两根电线\r\n[02:47.25]连接了变压器\r\n[02:54.72]只有火花，能看见存在\r\n[03:02.09]存在把你我击穿\r\n[03:09.34]燃烧吧，刺激的异味\r\n[03:17.02]吹向更远处的异味\r\n[03:24.50]下面的绿色和上面的蓝色\r\n[03:31.85]那是鸟的空间\r\n[03:39.29]我们是四个人\r\n[03:46.91]一个怕日出\r\n[03:54.56]一个在北方昏昏沉沉\r\n[04:02.12]一个在南方吃荔枝\r\n[04:09.90]一个伪装成西边的云\r\n[04:17.57]没有时间打麻将', 290),
(85, '一个夜晚', 9, 'http://127.0.0.1/mp3/lizhi/201611/5.mp3', '[00:00.00] 作曲 : 李志\r\n[00:01.00] 作词 : 李志\r\n[00:20.47]不管如何，都已经说得太多，\r\n[00:25.81]为了避免尴尬只能走出房间\r\n[00:32.01]躲过拐角的水坑开始数起路灯，\r\n[00:39.37]把自己数乱了就转过了头\r\n[00:45.15]你说在这样一个夜晚，\r\n[00:52.62]你应该去把路灯奉献给他\r\n[00:57.67]你说在这样一个夜晚，\r\n[01:04.23]你要把自己送给他\r\n[01:23.82]去他妈的什么天气不天气，\r\n[01:30.42]只要能看见星星就不算白活\r\n[01:34.92]反正已经张开了腿，\r\n[01:41.73]往哪个方向走都会有水坑\r\n[01:48.57]你说在这样一个夜晚，\r\n[01:55.85]风吹断了眉毛也感觉不到寒冷\r\n[02:00.78]你说在这样一个夜晚，\r\n[02:07.49]总想脱光袜子像从前一样\r\n[02:13.29]你说在这样一个夜晚，\r\n[02:20.23]就算挖空心思也不会看得太远\r\n[02:25.94]你说在这样一个夜晚，\r\n[02:32.82]路灯会替我们思考夜晚\r\n[03:12.71]你说在这样一个夜晚，\r\n[03:19.85]让我们扭起屁股相互拥抱\r\n[03:25.01]你说在这样一个夜晚，\r\n[03:31.19]让我们扭起屁股相互拥抱\r\n[03:37.54]你说在这样一个夜晚，\r\n[03:44.73]让我们扭起屁股相互拥抱\r\n[03:50.43]（啦啦啦……）', 282),
(86, '哦吼', 9, 'http://127.0.0.1/mp3/lizhi/201611/6.mp3', '[00:00.00] 作曲 : 李志\r\n[00:01.00] 作词 : 李志\r\n[00:33.85]发出了最后的声音迫切离开\r\n[00:40.35]即使有什么事情还没有做完\r\n[00:48.16]没有谁在乎谁随后的面对\r\n[00:55.04]是平淡是疲倦是惯性的你\r\n[01:02.68]傻里傻气的地铁，冲出了高架桥\r\n[01:09.69]夕阳在车头衰老，平淡的像一只猫\r\n[01:19.19]（嘿……哎……）\r\n[01:34.03]甘蔗什么时候才能上市\r\n[01:40.69]自有啊民族啊哦吼\r\n[02:17.70]你的问题是愚蠢，基因里长满野草\r\n[02:23.99]菜场里每一个人，挑着相同的钻石\r\n[02:33.80]（嘿……哎……）\r\n[02:47.58]停在这里会不会贴罚单\r\n[02:54.94]快一点少一点哦吼\r\n[03:02.80]（嘿……哎……）\r\n[03:18.48]总在欢乐的时候屏住气\r\n[03:25.50]忽然间感觉到哦吼', 244),
(87, '彩色派对', 9, 'http://127.0.0.1/mp3/lizhi/201611/7.mp3', '[00:00.00] 作曲 : 李志\r\n[00:01.00] 作词 : 李志\r\n[00:33.570]﻿红色是你的名字\r\n[00:38.830]黄色是你的语言\r\n[00:44.190]黑色是你的思索\r\n[00:49.470]白色是你的眼睛\r\n[00:54.210]你说你忧伤\r\n[00:59.450]你说你辛苦\r\n[01:04.710]你说你伟大\r\n[01:10.070]你说你广阔\r\n[01:16.360]红色是你的名字\r\n[01:21.590]绿色是你的面孔\r\n[01:26.860]蓝色是你的内裤\r\n[01:32.210]灰色是你的样子\r\n[01:36.920]你说你忧伤\r\n[01:42.110]你说你辛苦\r\n[01:47.370]你说你伟大\r\n[01:52.690]你说你广阔\r\n[03:00.580]红色是你的名字\r\n[03:05.780]红色是你的名字\r\n[03:10.900]红色是你的名字\r\n[03:16.340]红色是你的名字', 209),
(88, '你好明天', 9, 'http://127.0.0.1/mp3/lizhi/201611/8.mp3', '[00:00.00] 作曲 : 李志\r\n[00:01.00] 作词 : 李志\r\n[00:38.500]﻿你好医生\r\n[00:42.970]你能不能把我杀了\r\n[00:47.630]我的胸口\r\n[00:52.300]好像被他们堵住了\r\n[00:56.930]掏了半天什么都没有\r\n[01:01.470]但能感觉心跳加快\r\n[01:06.260]突发奇想去一个地方\r\n[01:10.690]到了之后又想回来\r\n[01:22.280]够了先生\r\n[01:26.690]你能不能闭上臭嘴\r\n[01:31.440]那些故事\r\n[01:36.130]和我没半毛钱关系\r\n[01:40.610]说来说去全他妈废话\r\n[01:45.030]我只想陪着困难发呆\r\n[01:49.990]夜晚好坏是夜晚的事\r\n[01:54.540]苹果烂了就该扔掉\r\n[02:15.560]乱了乱吧\r\n[02:20.170]乱糟糟的有头有脸\r\n[02:24.580]别说停止\r\n[02:29.160]哪有什么重新开始\r\n[02:34.080]一块面包配一杯咖啡\r\n[02:38.340]诗情画意一滩狗屎\r\n[02:43.170]怎么没有石头掉下来\r\n[02:47.650]让我死于一场意外\r\n[04:04.070]你好明天\r\n[04:10.810]你好生活\r\n[04:17.690]你好明天\r\n[04:24.810]你好', 268);

-- --------------------------------------------------------

--
-- 表的结构 `users`
--

CREATE TABLE `users` (
  `id` int NOT NULL,
  `mobile` char(11) DEFAULT '',
  `name` varchar(30) DEFAULT '',
  `portrait` varchar(200) DEFAULT '',
  `openid` varchar(32) DEFAULT '',
  `create_time` int NOT NULL
) ENGINE=MyISAM DEFAULT CHARSET=utf8mb4 COLLATE=utf8mb4_0900_ai_ci;

--
-- 转存表中的数据 `users`
--

INSERT INTO `users` (`id`, `mobile`, `name`, `portrait`, `openid`, `create_time`) VALUES
(1, '', 'null', 'https://thirdwx.qlogo.cn/mmopen/vi_32/libBVicH8g5egK6iafc0gSNIAMbXM09K0XHNcY44yPnHNzOTJOuicvR2tMSFvok1gHtAw82UiaM363nibmTmGGgq1ovQ/132', 'oM-Rs5Sn7CP9hp-9o9VnITha4qW0', 1619019002),
(2, '', '苏比江', 'https://thirdwx.qlogo.cn/mmopen/vi_32/3xB6zWuiaG2xNvFWEYSuMP10J21jUeN9L19ibby7TwCU1Zd4UurfO8PAUWsz5icFS7pqRibJ5Fwuia8TEvx6QeMWApg/132', 'oM-Rs5bjy9d2ndISBwa8ogQy-XPI', 1619054719),
(3, '', 'Somehow Change', 'https://thirdwx.qlogo.cn/mmopen/vi_32/PFOnIqNGLBg1fschQCSKtn0J9AlmUrAf9OU1fGicx9DFC9BHDq4JajOia1Pbib95cLABXzDhibmJIaaDTlc2QIVOXw/132', 'oM-Rs5XZ4unzXBbhLgjw9_Ynhcdc', 1651195451);

--
-- 转储表的索引
--

--
-- 表的索引 `album`
--
ALTER TABLE `album`
  ADD PRIMARY KEY (`id`);

--
-- 表的索引 `playlist`
--
ALTER TABLE `playlist`
  ADD PRIMARY KEY (`id`);

--
-- 表的索引 `playlist_song`
--
ALTER TABLE `playlist_song`
  ADD PRIMARY KEY (`id`);

--
-- 表的索引 `song`
--
ALTER TABLE `song`
  ADD PRIMARY KEY (`id`);

--
-- 表的索引 `users`
--
ALTER TABLE `users`
  ADD PRIMARY KEY (`id`);

--
-- 在导出的表使用AUTO_INCREMENT
--

--
-- 使用表AUTO_INCREMENT `album`
--
ALTER TABLE `album`
  MODIFY `id` int NOT NULL AUTO_INCREMENT, AUTO_INCREMENT=10;

--
-- 使用表AUTO_INCREMENT `playlist`
--
ALTER TABLE `playlist`
  MODIFY `id` int NOT NULL AUTO_INCREMENT, AUTO_INCREMENT=4;

--
-- 使用表AUTO_INCREMENT `playlist_song`
--
ALTER TABLE `playlist_song`
  MODIFY `id` int NOT NULL AUTO_INCREMENT, AUTO_INCREMENT=23;

--
-- 使用表AUTO_INCREMENT `song`
--
ALTER TABLE `song`
  MODIFY `id` int NOT NULL AUTO_INCREMENT, AUTO_INCREMENT=89;

--
-- 使用表AUTO_INCREMENT `users`
--
ALTER TABLE `users`
  MODIFY `id` int NOT NULL AUTO_INCREMENT, AUTO_INCREMENT=4;
COMMIT;

/*!40101 SET CHARACTER_SET_CLIENT=@OLD_CHARACTER_SET_CLIENT */;
/*!40101 SET CHARACTER_SET_RESULTS=@OLD_CHARACTER_SET_RESULTS */;
/*!40101 SET COLLATION_CONNECTION=@OLD_COLLATION_CONNECTION */;
